This file contains any messages produced by compilers while
running configure, to aid debugging if configure makes a mistake.

It was created by GNU APL configure 2.0, which was
generated by GNU Autoconf 2.71.  Invocation command line was

  $ ./configure

## --------- ##
## Platform. ##
## --------- ##

hostname = server68
uname -m = x86_64
uname -r = 5.15.0-177-generic
uname -s = Linux
uname -v = #187-Ubuntu SMP Sat Apr 11 22:54:33 UTC 2026

/usr/bin/uname -p = x86_64
/bin/uname -X     = unknown

/bin/arch              = x86_64
/usr/bin/arch -k       = unknown
/usr/convex/getsysinfo = unknown
/usr/bin/hostinfo      = unknown
/bin/machine           = unknown
/usr/bin/oslevel       = unknown
/bin/universe          = unknown

PATH: /home/eedjsa/.local/bin/
PATH: /home/eedjsa/bin/
PATH: /usr/local/sbin/
PATH: /usr/local/bin/
PATH: /usr/sbin/
PATH: /usr/bin/
PATH: /sbin/
PATH: /bin/
PATH: /usr/games/
PATH: /usr/local/games/
PATH: /snap/bin/
PATH: /home/eedjsa/bin/


## ----------- ##
## Core tests. ##
## ----------- ##

configure:3289: looking for aux files: config.guess config.sub ltmain.sh missing install-sh compile
configure:3302:  trying ././
configure:3331:   ././config.guess found
configure:3331:   ././config.sub found
configure:3331:   ././ltmain.sh found
configure:3331:   ././missing found
configure:3313:   ././install-sh found
configure:3331:   ././compile found
configure:3515: checking for gcc
configure:3536: found /usr/bin/gcc
configure:3547: result: gcc
configure:3900: checking for C compiler version
configure:3909: gcc --version >&5
gcc (Ubuntu 11.4.0-1ubuntu1~22.04.3) 11.4.0
Copyright (C) 2021 Free Software Foundation, Inc.
This is free software; see the source for copying conditions.  There is NO
warranty; not even for MERCHANTABILITY or FITNESS FOR A PARTICULAR PURPOSE.

configure:3920: $? = 0
configure:3909: gcc -v >&5
Using built-in specs.
COLLECT_GCC=gcc
COLLECT_LTO_WRAPPER=/usr/lib/gcc/x86_64-linux-gnu/11/lto-wrapper
OFFLOAD_TARGET_NAMES=nvptx-none:amdgcn-amdhsa
OFFLOAD_TARGET_DEFAULT=1
Target: x86_64-linux-gnu
Configured with: ../src/configure -v --with-pkgversion='Ubuntu 11.4.0-1ubuntu1~22.04.3' --with-bugurl=file:///usr/share/doc/gcc-11/README.Bugs --enable-languages=c,ada,c++,go,brig,d,fortran,objc,obj-c++,m2 --prefix=/usr --with-gcc-major-version-only --program-suffix=-11 --program-prefix=x86_64-linux-gnu- --enable-shared --enable-linker-build-id --libexecdir=/usr/lib --without-included-gettext --enable-threads=posix --libdir=/usr/lib --enable-nls --enable-bootstrap --enable-clocale=gnu --enable-libstdcxx-debug --enable-libstdcxx-time=yes --with-default-libstdcxx-abi=new --enable-gnu-unique-object --disable-vtable-verify --enable-plugin --enable-default-pie --with-system-zlib --enable-libphobos-checking=release --with-target-system-zlib=auto --enable-objc-gc=auto --enable-multiarch --disable-werror --enable-cet --with-arch-32=i686 --with-abi=m64 --with-multilib-list=m32,m64,mx32 --enable-multilib --with-tune=generic --enable-offload-targets=nvptx-none=/build/gcc-11-0odw26/gcc-11-11.4.0/debian/tmp-nvptx/usr,amdgcn-amdhsa=/build/gcc-11-0odw26/gcc-11-11.4.0/debian/tmp-gcn/usr --without-cuda-driver --enable-checking=release --build=x86_64-linux-gnu --host=x86_64-linux-gnu --target=x86_64-linux-gnu --with-build-config=bootstrap-lto-lean --enable-link-serialization=2
Thread model: posix
Supported LTO compression algorithms: zlib zstd
gcc version 11.4.0 (Ubuntu 11.4.0-1ubuntu1~22.04.3) 
... rest of stderr output deleted ...
configure:3920: $? = 0
configure:3909: gcc -V >&5
gcc: error: unrecognized command-line option '-V'
gcc: fatal error: no input files
compilation terminated.
configure:3920: $? = 1
configure:3909: gcc -qversion >&5
gcc: error: unrecognized command-line option '-qversion'; did you mean '--version'?
gcc: fatal error: no input files
compilation terminated.
configure:3920: $? = 1
configure:3909: gcc -version >&5
gcc: error: unrecognized command-line option '-version'
gcc: fatal error: no input files
compilation terminated.
configure:3920: $? = 1
configure:3940: checking whether the C compiler works
configure:3962: gcc    conftest.c  >&5
configure:3966: $? = 0
configure:4016: result: yes
configure:4019: checking for C compiler default output file name
configure:4021: result: a.out
configure:4027: checking for suffix of executables
configure:4034: gcc -o conftest    conftest.c  >&5
configure:4038: $? = 0
configure:4061: result: 
configure:4083: checking whether we are cross compiling
configure:4091: gcc -o conftest    conftest.c  >&5
configure:4095: $? = 0
configure:4102: ./conftest
configure:4106: $? = 0
configure:4121: result: no
configure:4126: checking for suffix of object files
configure:4149: gcc -c   conftest.c >&5
configure:4153: $? = 0
configure:4175: result: o
configure:4179: checking whether the compiler supports GNU C
configure:4199: gcc -c   conftest.c >&5
configure:4199: $? = 0
configure:4209: result: yes
configure:4220: checking whether gcc accepts -g
configure:4241: gcc -c -g  conftest.c >&5
configure:4241: $? = 0
configure:4285: result: yes
configure:4305: checking for gcc option to enable C11 features
configure:4320: gcc  -c -g -O2  conftest.c >&5
configure:4320: $? = 0
configure:4338: result: none needed
configure:4454: checking whether gcc understands -c and -o together
configure:4477: gcc -c conftest.c -o conftest2.o
configure:4480: $? = 0
configure:4477: gcc -c conftest.c -o conftest2.o
configure:4480: $? = 0
configure:4492: result: yes
configure:4514: checking for stdio.h
configure:4514: gcc -c -g -O2  conftest.c >&5
configure:4514: $? = 0
configure:4514: result: yes
configure:4514: checking for stdlib.h
configure:4514: gcc -c -g -O2  conftest.c >&5
configure:4514: $? = 0
configure:4514: result: yes
configure:4514: checking for string.h
configure:4514: gcc -c -g -O2  conftest.c >&5
configure:4514: $? = 0
configure:4514: result: yes
configure:4514: checking for inttypes.h
configure:4514: gcc -c -g -O2  conftest.c >&5
configure:4514: $? = 0
configure:4514: result: yes
configure:4514: checking for stdint.h
configure:4514: gcc -c -g -O2  conftest.c >&5
configure:4514: $? = 0
configure:4514: result: yes
configure:4514: checking for strings.h
configure:4514: gcc -c -g -O2  conftest.c >&5
configure:4514: $? = 0
configure:4514: result: yes
configure:4514: checking for sys/stat.h
configure:4514: gcc -c -g -O2  conftest.c >&5
configure:4514: $? = 0
configure:4514: result: yes
configure:4514: checking for sys/types.h
configure:4514: gcc -c -g -O2  conftest.c >&5
configure:4514: $? = 0
configure:4514: result: yes
configure:4514: checking for unistd.h
configure:4514: gcc -c -g -O2  conftest.c >&5
configure:4514: $? = 0
configure:4514: result: yes
configure:4514: checking for wchar.h
configure:4514: gcc -c -g -O2  conftest.c >&5
configure:4514: $? = 0
configure:4514: result: yes
configure:4514: checking for minix/config.h
configure:4514: gcc -c -g -O2  conftest.c >&5
conftest.c:47:10: fatal error: minix/config.h: No such file or directory
   47 | #include <minix/config.h>
      |          ^~~~~~~~~~~~~~~~
compilation terminated.
configure:4514: $? = 1
configure: failed program was:
| /* confdefs.h */
| #define PACKAGE_NAME "GNU APL"
| #define PACKAGE_TARNAME "apl"
| #define PACKAGE_VERSION "2.0"
| #define PACKAGE_STRING "GNU APL 2.0"
| #define PACKAGE_BUGREPORT "bug-apl@gnu.org"
| #define PACKAGE_URL "https://www.gnu.org/software/apl/"
| #define HAVE_STDIO_H 1
| #define HAVE_STDLIB_H 1
| #define HAVE_STRING_H 1
| #define HAVE_INTTYPES_H 1
| #define HAVE_STDINT_H 1
| #define HAVE_STRINGS_H 1
| #define HAVE_SYS_STAT_H 1
| #define HAVE_SYS_TYPES_H 1
| #define HAVE_UNISTD_H 1
| #define HAVE_WCHAR_H 1
| /* end confdefs.h.  */
| #include <stddef.h>
| #ifdef HAVE_STDIO_H
| # include <stdio.h>
| #endif
| #ifdef HAVE_STDLIB_H
| # include <stdlib.h>
| #endif
| #ifdef HAVE_STRING_H
| # include <string.h>
| #endif
| #ifdef HAVE_INTTYPES_H
| # include <inttypes.h>
| #endif
| #ifdef HAVE_STDINT_H
| # include <stdint.h>
| #endif
| #ifdef HAVE_STRINGS_H
| # include <strings.h>
| #endif
| #ifdef HAVE_SYS_TYPES_H
| # include <sys/types.h>
| #endif
| #ifdef HAVE_SYS_STAT_H
| # include <sys/stat.h>
| #endif
| #ifdef HAVE_UNISTD_H
| # include <unistd.h>
| #endif
| #include <minix/config.h>
configure:4514: result: no
configure:4545: checking whether it is safe to define __EXTENSIONS__
configure:4564: gcc -c -g -O2  conftest.c >&5
configure:4564: $? = 0
configure:4572: result: yes
configure:4575: checking whether _XOPEN_SOURCE should be defined
configure:4597: gcc -c -g -O2  conftest.c >&5
configure:4597: $? = 0
configure:4624: result: no
configure:4704: checking for a BSD-compatible install
configure:4777: result: /usr/bin/install -c
configure:4788: checking whether build environment is sane
configure:4843: result: yes
configure:4998: checking for a race-free mkdir -p
configure:5042: result: /usr/bin/mkdir -p
configure:5049: checking for gawk
configure:5070: found /usr/bin/gawk
configure:5081: result: gawk
configure:5092: checking whether make sets $(MAKE)
configure:5115: result: yes
configure:5137: checking whether make supports the include directive
configure:5152: make -f confmf.GNU && cat confinc.out
this is the am__doit target
configure:5155: $? = 0
configure:5174: result: yes (GNU style)
configure:5209: checking whether make supports nested variables
configure:5227: result: yes
configure:5308: checking dependency style of gcc
configure:5420: result: gcc3
configure:5493: checking whether to enable maintainer-specific portions of Makefiles
configure:5503: result: no
configure:5536: checking if the build target is Android
configure:5561: result: no
configure:5567: checking if the build target is the Erlang interface (also requires libapl.so)
configure:5594: result: no
configure:5601: checking if the build target is libapl.so
configure:5626: result: no
configure:5633: checking if the build target is libpython_apl.so
configure:5710: result: no
configure:5722: checking if the build target is Windows (MinGW-w64 cross-compilation)
configure:5756: result: no
configure:5843: checking for g++
configure:5864: found /usr/bin/g++
configure:5875: result: g++
configure:5902: checking for C++ compiler version
configure:5911: g++ --version >&5
g++ (Ubuntu 11.4.0-1ubuntu1~22.04.3) 11.4.0
Copyright (C) 2021 Free Software Foundation, Inc.
This is free software; see the source for copying conditions.  There is NO
warranty; not even for MERCHANTABILITY or FITNESS FOR A PARTICULAR PURPOSE.

configure:5922: $? = 0
configure:5911: g++ -v >&5
Using built-in specs.
COLLECT_GCC=g++
COLLECT_LTO_WRAPPER=/usr/lib/gcc/x86_64-linux-gnu/11/lto-wrapper
OFFLOAD_TARGET_NAMES=nvptx-none:amdgcn-amdhsa
OFFLOAD_TARGET_DEFAULT=1
Target: x86_64-linux-gnu
Configured with: ../src/configure -v --with-pkgversion='Ubuntu 11.4.0-1ubuntu1~22.04.3' --with-bugurl=file:///usr/share/doc/gcc-11/README.Bugs --enable-languages=c,ada,c++,go,brig,d,fortran,objc,obj-c++,m2 --prefix=/usr --with-gcc-major-version-only --program-suffix=-11 --program-prefix=x86_64-linux-gnu- --enable-shared --enable-linker-build-id --libexecdir=/usr/lib --without-included-gettext --enable-threads=posix --libdir=/usr/lib --enable-nls --enable-bootstrap --enable-clocale=gnu --enable-libstdcxx-debug --enable-libstdcxx-time=yes --with-default-libstdcxx-abi=new --enable-gnu-unique-object --disable-vtable-verify --enable-plugin --enable-default-pie --with-system-zlib --enable-libphobos-checking=release --with-target-system-zlib=auto --enable-objc-gc=auto --enable-multiarch --disable-werror --enable-cet --with-arch-32=i686 --with-abi=m64 --with-multilib-list=m32,m64,mx32 --enable-multilib --with-tune=generic --enable-offload-targets=nvptx-none=/build/gcc-11-0odw26/gcc-11-11.4.0/debian/tmp-nvptx/usr,amdgcn-amdhsa=/build/gcc-11-0odw26/gcc-11-11.4.0/debian/tmp-gcn/usr --without-cuda-driver --enable-checking=release --build=x86_64-linux-gnu --host=x86_64-linux-gnu --target=x86_64-linux-gnu --with-build-config=bootstrap-lto-lean --enable-link-serialization=2
Thread model: posix
Supported LTO compression algorithms: zlib zstd
gcc version 11.4.0 (Ubuntu 11.4.0-1ubuntu1~22.04.3) 
... rest of stderr output deleted ...
configure:5922: $? = 0
configure:5911: g++ -V >&5
g++: error: unrecognized command-line option '-V'
g++: fatal error: no input files
compilation terminated.
configure:5922: $? = 1
configure:5911: g++ -qversion >&5
g++: error: unrecognized command-line option '-qversion'; did you mean '--version'?
g++: fatal error: no input files
compilation terminated.
configure:5922: $? = 1
configure:5926: checking whether the compiler supports GNU C++
configure:5946: g++ -c   conftest.cpp >&5
configure:5946: $? = 0
configure:5956: result: yes
configure:5967: checking whether g++ accepts -g
configure:5988: g++ -c -g  conftest.cpp >&5
configure:5988: $? = 0
configure:6032: result: yes
configure:6052: checking for g++ option to enable C++11 features
configure:6067: g++  -c -g -O2  conftest.cpp >&5
conftest.cpp: In function 'int main(int, char**)':
conftest.cpp:204:25: warning: empty parentheses were disambiguated as a function declaration [-Wvexing-parse]
  204 |   cxx11test::delegate d2();
      |                         ^~
conftest.cpp:204:25: note: remove parentheses to default-initialize a variable
  204 |   cxx11test::delegate d2();
      |                         ^~
      |                         --
conftest.cpp:204:25: note: or replace parentheses with braces to value-initialize a variable
configure:6067: $? = 0
configure:6085: result: none needed
configure:6151: checking dependency style of g++
configure:6263: result: gcc3
configure:6331: checking for gcc
configure:6363: result: gcc
configure:6716: checking for C compiler version
configure:6725: gcc --version >&5
gcc (Ubuntu 11.4.0-1ubuntu1~22.04.3) 11.4.0
Copyright (C) 2021 Free Software Foundation, Inc.
This is free software; see the source for copying conditions.  There is NO
warranty; not even for MERCHANTABILITY or FITNESS FOR A PARTICULAR PURPOSE.

configure:6736: $? = 0
configure:6725: gcc -v >&5
Using built-in specs.
COLLECT_GCC=gcc
COLLECT_LTO_WRAPPER=/usr/lib/gcc/x86_64-linux-gnu/11/lto-wrapper
OFFLOAD_TARGET_NAMES=nvptx-none:amdgcn-amdhsa
OFFLOAD_TARGET_DEFAULT=1
Target: x86_64-linux-gnu
Configured with: ../src/configure -v --with-pkgversion='Ubuntu 11.4.0-1ubuntu1~22.04.3' --with-bugurl=file:///usr/share/doc/gcc-11/README.Bugs --enable-languages=c,ada,c++,go,brig,d,fortran,objc,obj-c++,m2 --prefix=/usr --with-gcc-major-version-only --program-suffix=-11 --program-prefix=x86_64-linux-gnu- --enable-shared --enable-linker-build-id --libexecdir=/usr/lib --without-included-gettext --enable-threads=posix --libdir=/usr/lib --enable-nls --enable-bootstrap --enable-clocale=gnu --enable-libstdcxx-debug --enable-libstdcxx-time=yes --with-default-libstdcxx-abi=new --enable-gnu-unique-object --disable-vtable-verify --enable-plugin --enable-default-pie --with-system-zlib --enable-libphobos-checking=release --with-target-system-zlib=auto --enable-objc-gc=auto --enable-multiarch --disable-werror --enable-cet --with-arch-32=i686 --with-abi=m64 --with-multilib-list=m32,m64,mx32 --enable-multilib --with-tune=generic --enable-offload-targets=nvptx-none=/build/gcc-11-0odw26/gcc-11-11.4.0/debian/tmp-nvptx/usr,amdgcn-amdhsa=/build/gcc-11-0odw26/gcc-11-11.4.0/debian/tmp-gcn/usr --without-cuda-driver --enable-checking=release --build=x86_64-linux-gnu --host=x86_64-linux-gnu --target=x86_64-linux-gnu --with-build-config=bootstrap-lto-lean --enable-link-serialization=2
Thread model: posix
Supported LTO compression algorithms: zlib zstd
gcc version 11.4.0 (Ubuntu 11.4.0-1ubuntu1~22.04.3) 
... rest of stderr output deleted ...
configure:6736: $? = 0
configure:6725: gcc -V >&5
gcc: error: unrecognized command-line option '-V'
gcc: fatal error: no input files
compilation terminated.
configure:6736: $? = 1
configure:6725: gcc -qversion >&5
gcc: error: unrecognized command-line option '-qversion'; did you mean '--version'?
gcc: fatal error: no input files
compilation terminated.
configure:6736: $? = 1
configure:6725: gcc -version >&5
gcc: error: unrecognized command-line option '-version'
gcc: fatal error: no input files
compilation terminated.
configure:6736: $? = 1
configure:6740: checking whether the compiler supports GNU C
configure:6770: result: yes
configure:6781: checking whether gcc accepts -g
configure:6846: result: yes
configure:6866: checking for gcc option to enable C11 features
configure:6899: result: none needed
configure:7015: checking whether gcc understands -c and -o together
configure:7053: result: yes
configure:7105: checking build system type
configure:7120: result: x86_64-pc-linux-gnu
configure:7140: checking host system type
configure:7154: result: x86_64-pc-linux-gnu
configure:7195: checking how to print strings
configure:7222: result: printf
configure:7243: checking for a sed that does not truncate output
configure:7313: result: /usr/bin/sed
configure:7331: checking for grep that handles long lines and -e
configure:7395: result: /usr/bin/grep
configure:7400: checking for egrep
configure:7468: result: /usr/bin/grep -E
configure:7473: checking for fgrep
configure:7541: result: /usr/bin/grep -F
configure:7577: checking for ld used by gcc
configure:7645: result: /usr/bin/ld
configure:7652: checking if the linker (/usr/bin/ld) is GNU ld
configure:7668: result: yes
configure:7680: checking for BSD- or MS-compatible name lister (nm)
configure:7735: result: /usr/bin/nm -B
configure:7875: checking the name lister (/usr/bin/nm -B) interface
configure:7883: g++ -c -g -O2  conftest.cpp >&5
configure:7886: /usr/bin/nm -B "conftest.o"
configure:7889: output
0000000000000000 B some_variable
configure:7896: result: BSD nm
configure:7899: checking whether ln -s works
configure:7903: result: yes
configure:7911: checking the maximum length of command line arguments
configure:8043: result: 1572864
configure:8091: checking how to convert x86_64-pc-linux-gnu file names to x86_64-pc-linux-gnu format
configure:8132: result: func_convert_file_noop
configure:8139: checking how to convert x86_64-pc-linux-gnu file names to toolchain format
configure:8160: result: func_convert_file_noop
configure:8167: checking for /usr/bin/ld option to reload object files
configure:8175: result: -r
configure:8254: checking for objdump
configure:8275: found /usr/bin/objdump
configure:8286: result: objdump
configure:8318: checking how to recognize dependent libraries
configure:8519: result: pass_all
configure:8609: checking for dlltool
configure:8644: result: no
configure:8674: checking how to associate runtime and link libraries
configure:8702: result: printf %s\n
configure:8768: checking for ar
configure:8789: found /usr/bin/ar
configure:8800: result: ar
configure:8837: checking for archiver @FILE support
configure:8855: g++ -c -g -O2  conftest.cpp >&5
configure:8855: $? = 0
configure:8859: ar cr libconftest.a @conftest.lst >&5
configure:8862: $? = 0
configure:8867: ar cr libconftest.a @conftest.lst >&5
ar: conftest.o: No such file or directory
configure:8870: $? = 1
configure:8882: result: @
configure:8945: checking for strip
configure:8966: found /usr/bin/strip
configure:8977: result: strip
configure:9054: checking for ranlib
configure:9075: found /usr/bin/ranlib
configure:9086: result: ranlib
configure:9188: checking command to parse /usr/bin/nm -B output from gcc object
configure:9342: g++ -c -g -O2  conftest.cpp >&5
configure:9345: $? = 0
configure:9349: /usr/bin/nm -B conftest.o | sed -n -e 's/^.*[	 ]\([ABCDGIRSTW][ABCDGIRSTW]*\)[	 ][	 ]*\([_A-Za-z][_A-Za-z0-9]*\)$/\1 \2 \2/p' | sed '/ __gnu_lto/d' > conftest.nm
configure:9415: g++ -o conftest -g -O2   conftest.cpp conftstm.o >&5
configure:9418: $? = 0
configure:9456: result: ok
configure:9503: checking for sysroot
configure:9534: result: no
configure:9541: checking for a working dd
configure:9585: result: /usr/bin/dd
configure:9589: checking how to truncate binary pipes
configure:9605: result: /usr/bin/dd bs=4096 count=1
configure:9742: g++ -c -g -O2  conftest.cpp >&5
configure:9745: $? = 0
configure:9942: checking for mt
configure:9963: found /usr/bin/mt
configure:9974: result: mt
configure:9997: checking if mt is a manifest tool
configure:10004: mt '-?'
configure:10012: result: no
configure:10738: checking for dlfcn.h
configure:10738: g++ -c -g -O2  conftest.cpp >&5
configure:10738: $? = 0
configure:10738: result: yes
configure:11006: checking for objdir
configure:11022: result: .libs
configure:11286: checking if gcc supports -fno-rtti -fno-exceptions
configure:11305: gcc -c -g -O2  -fno-rtti -fno-exceptions conftest.c >&5
cc1: warning: command-line option '-fno-rtti' is valid for C++/D/ObjC++ but not for C
configure:11309: $? = 0
configure:11322: result: no
configure:11686: checking for gcc option to produce PIC
configure:11694: result: -fPIC -DPIC
configure:11702: checking if gcc PIC flag -fPIC -DPIC works
configure:11721: gcc -c -g -O2  -fPIC -DPIC -DPIC conftest.c >&5
configure:11725: $? = 0
configure:11738: result: yes
configure:11767: checking if gcc static flag -static works
configure:11796: result: yes
configure:11811: checking if gcc supports -c -o file.o
configure:11833: gcc -c -g -O2  -o out/conftest2.o conftest.c >&5
configure:11837: $? = 0
configure:11859: result: yes
configure:11867: checking if gcc supports -c -o file.o
configure:11915: result: yes
configure:11948: checking whether the gcc linker (/usr/bin/ld -m elf_x86_64) supports shared libraries
configure:13218: result: yes
configure:13255: checking whether -lc should be explicitly linked in
configure:13264: gcc -c -g -O2  conftest.c >&5
configure:13267: $? = 0
configure:13282: gcc -shared  -fPIC -DPIC conftest.o  -v -Wl,-soname -Wl,conftest -o conftest 2\>\&1 \| /usr/bin/grep  -lc  \>/dev/null 2\>\&1
configure:13285: $? = 0
configure:13299: result: no
configure:13459: checking dynamic linker characteristics
configure:14041: gcc -o conftest -g -O2   -Wl,-rpath -Wl,/foo conftest.c  >&5
configure:14041: $? = 0
configure:14292: result: GNU/Linux ld.so
configure:14414: checking how to hardcode library paths into programs
configure:14439: result: immediate
configure:14541: checking for shl_load
configure:14541: gcc -o conftest -g -O2   conftest.c  >&5
/usr/bin/ld: /tmp/cc0mYIQo.o: in function `main':
/home/eedjsa/savannah-repo-apl/trunk/conftest.c:67: undefined reference to `shl_load'
collect2: error: ld returned 1 exit status
configure:14541: $? = 1
configure: failed program was:
| /* confdefs.h */
| #define PACKAGE_NAME "GNU APL"
| #define PACKAGE_TARNAME "apl"
| #define PACKAGE_VERSION "2.0"
| #define PACKAGE_STRING "GNU APL 2.0"
| #define PACKAGE_BUGREPORT "bug-apl@gnu.org"
| #define PACKAGE_URL "https://www.gnu.org/software/apl/"
| #define HAVE_STDIO_H 1
| #define HAVE_STDLIB_H 1
| #define HAVE_STRING_H 1
| #define HAVE_INTTYPES_H 1
| #define HAVE_STDINT_H 1
| #define HAVE_STRINGS_H 1
| #define HAVE_SYS_STAT_H 1
| #define HAVE_SYS_TYPES_H 1
| #define HAVE_UNISTD_H 1
| #define HAVE_WCHAR_H 1
| #define STDC_HEADERS 1
| #define _ALL_SOURCE 1
| #define _DARWIN_C_SOURCE 1
| #define _GNU_SOURCE 1
| #define _HPUX_ALT_XOPEN_SOCKET_API 1
| #define _NETBSD_SOURCE 1
| #define _OPENBSD_SOURCE 1
| #define _POSIX_PTHREAD_SEMANTICS 1
| #define __STDC_WANT_IEC_60559_ATTRIBS_EXT__ 1
| #define __STDC_WANT_IEC_60559_BFP_EXT__ 1
| #define __STDC_WANT_IEC_60559_DFP_EXT__ 1
| #define __STDC_WANT_IEC_60559_FUNCS_EXT__ 1
| #define __STDC_WANT_IEC_60559_TYPES_EXT__ 1
| #define __STDC_WANT_LIB_EXT2__ 1
| #define __STDC_WANT_MATH_SPEC_FUNCS__ 1
| #define _TANDEM_SOURCE 1
| #define __EXTENSIONS__ 1
| #define PACKAGE "apl"
| #define VERSION "2.0"
| #define HAVE_DLFCN_H 1
| #define LT_OBJDIR ".libs/"
| /* end confdefs.h.  */
| /* Define shl_load to an innocuous variant, in case <limits.h> declares shl_load.
|    For example, HP-UX 11i <limits.h> declares gettimeofday.  */
| #define shl_load innocuous_shl_load
| 
| /* System header to define __stub macros and hopefully few prototypes,
|    which can conflict with char shl_load (); below.  */
| 
| #include <limits.h>
| #undef shl_load
| 
| /* Override any GCC internal prototype to avoid an error.
|    Use char because int might match the return type of a GCC
|    builtin and then its argument prototype would still apply.  */
| #ifdef __cplusplus
| extern "C"
| #endif
| char shl_load ();
| /* The GNU C library defines this for functions which it implements
|     to always fail with ENOSYS.  Some functions are actually named
|     something starting with __ and the normal name is an alias.  */
| #if defined __stub_shl_load || defined __stub___shl_load
| choke me
| #endif
| 
| int
| main (void)
| {
| return shl_load ();
|   ;
|   return 0;
| }
configure:14541: result: no
configure:14546: checking for shl_load in -ldld
configure:14569: gcc -o conftest -g -O2   conftest.c -ldld   >&5
/usr/bin/ld: cannot find -ldld: No such file or directory
collect2: error: ld returned 1 exit status
configure:14569: $? = 1
configure: failed program was:
| /* confdefs.h */
| #define PACKAGE_NAME "GNU APL"
| #define PACKAGE_TARNAME "apl"
| #define PACKAGE_VERSION "2.0"
| #define PACKAGE_STRING "GNU APL 2.0"
| #define PACKAGE_BUGREPORT "bug-apl@gnu.org"
| #define PACKAGE_URL "https://www.gnu.org/software/apl/"
| #define HAVE_STDIO_H 1
| #define HAVE_STDLIB_H 1
| #define HAVE_STRING_H 1
| #define HAVE_INTTYPES_H 1
| #define HAVE_STDINT_H 1
| #define HAVE_STRINGS_H 1
| #define HAVE_SYS_STAT_H 1
| #define HAVE_SYS_TYPES_H 1
| #define HAVE_UNISTD_H 1
| #define HAVE_WCHAR_H 1
| #define STDC_HEADERS 1
| #define _ALL_SOURCE 1
| #define _DARWIN_C_SOURCE 1
| #define _GNU_SOURCE 1
| #define _HPUX_ALT_XOPEN_SOCKET_API 1
| #define _NETBSD_SOURCE 1
| #define _OPENBSD_SOURCE 1
| #define _POSIX_PTHREAD_SEMANTICS 1
| #define __STDC_WANT_IEC_60559_ATTRIBS_EXT__ 1
| #define __STDC_WANT_IEC_60559_BFP_EXT__ 1
| #define __STDC_WANT_IEC_60559_DFP_EXT__ 1
| #define __STDC_WANT_IEC_60559_FUNCS_EXT__ 1
| #define __STDC_WANT_IEC_60559_TYPES_EXT__ 1
| #define __STDC_WANT_LIB_EXT2__ 1
| #define __STDC_WANT_MATH_SPEC_FUNCS__ 1
| #define _TANDEM_SOURCE 1
| #define __EXTENSIONS__ 1
| #define PACKAGE "apl"
| #define VERSION "2.0"
| #define HAVE_DLFCN_H 1
| #define LT_OBJDIR ".libs/"
| /* end confdefs.h.  */
| 
| /* Override any GCC internal prototype to avoid an error.
|    Use char because int might match the return type of a GCC
|    builtin and then its argument prototype would still apply.  */
| char shl_load ();
| int
| main (void)
| {
| return shl_load ();
|   ;
|   return 0;
| }
configure:14579: result: no
configure:14585: checking for dlopen
configure:14585: gcc -o conftest -g -O2   conftest.c  >&5
configure:14585: $? = 0
configure:14585: result: yes
configure:14743: checking whether a program can dlopen itself
configure:14824: gcc -o conftest -g -O2  -DHAVE_DLFCN_H  -Wl,--export-dynamic conftest.c   >&5
configure:14827: $? = 0
configure:14845: result: yes
configure:14850: checking whether a statically linked program can dlopen itself
configure:14931: gcc -o conftest -g -O2  -DHAVE_DLFCN_H  -Wl,--export-dynamic -static conftest.c   >&5
/usr/bin/ld: /tmp/ccDy4XEd.o: in function `main':
/home/eedjsa/savannah-repo-apl/trunk/configure:14910: warning: Using 'dlopen' in statically linked applications requires at runtime the shared libraries from the glibc version used for linking
configure:14934: $? = 0
conftest: undefined symbol: _fnord
configure:14952: result: no
configure:14991: checking whether stripping libraries is possible
configure:14996: result: yes
configure:15031: checking if libtool supports shared libraries
configure:15033: result: yes
configure:15036: checking whether to build shared libraries
configure:15061: result: yes
configure:15064: checking whether to build static libraries
configure:15068: result: yes
configure:15091: checking how to run the C++ preprocessor
configure:15113: g++ -E  conftest.cpp
configure:15113: $? = 0
configure:15128: g++ -E  conftest.cpp
conftest.cpp:40:10: fatal error: ac_nonexistent.h: No such file or directory
   40 | #include <ac_nonexistent.h>
      |          ^~~~~~~~~~~~~~~~~~
compilation terminated.
configure:15128: $? = 1
configure: failed program was:
| /* confdefs.h */
| #define PACKAGE_NAME "GNU APL"
| #define PACKAGE_TARNAME "apl"
| #define PACKAGE_VERSION "2.0"
| #define PACKAGE_STRING "GNU APL 2.0"
| #define PACKAGE_BUGREPORT "bug-apl@gnu.org"
| #define PACKAGE_URL "https://www.gnu.org/software/apl/"
| #define HAVE_STDIO_H 1
| #define HAVE_STDLIB_H 1
| #define HAVE_STRING_H 1
| #define HAVE_INTTYPES_H 1
| #define HAVE_STDINT_H 1
| #define HAVE_STRINGS_H 1
| #define HAVE_SYS_STAT_H 1
| #define HAVE_SYS_TYPES_H 1
| #define HAVE_UNISTD_H 1
| #define HAVE_WCHAR_H 1
| #define STDC_HEADERS 1
| #define _ALL_SOURCE 1
| #define _DARWIN_C_SOURCE 1
| #define _GNU_SOURCE 1
| #define _HPUX_ALT_XOPEN_SOCKET_API 1
| #define _NETBSD_SOURCE 1
| #define _OPENBSD_SOURCE 1
| #define _POSIX_PTHREAD_SEMANTICS 1
| #define __STDC_WANT_IEC_60559_ATTRIBS_EXT__ 1
| #define __STDC_WANT_IEC_60559_BFP_EXT__ 1
| #define __STDC_WANT_IEC_60559_DFP_EXT__ 1
| #define __STDC_WANT_IEC_60559_FUNCS_EXT__ 1
| #define __STDC_WANT_IEC_60559_TYPES_EXT__ 1
| #define __STDC_WANT_LIB_EXT2__ 1
| #define __STDC_WANT_MATH_SPEC_FUNCS__ 1
| #define _TANDEM_SOURCE 1
| #define __EXTENSIONS__ 1
| #define PACKAGE "apl"
| #define VERSION "2.0"
| #define HAVE_DLFCN_H 1
| #define LT_OBJDIR ".libs/"
| /* end confdefs.h.  */
| #include <ac_nonexistent.h>
configure:15155: result: g++ -E
configure:15169: g++ -E  conftest.cpp
configure:15169: $? = 0
configure:15184: g++ -E  conftest.cpp
conftest.cpp:40:10: fatal error: ac_nonexistent.h: No such file or directory
   40 | #include <ac_nonexistent.h>
      |          ^~~~~~~~~~~~~~~~~~
compilation terminated.
configure:15184: $? = 1
configure: failed program was:
| /* confdefs.h */
| #define PACKAGE_NAME "GNU APL"
| #define PACKAGE_TARNAME "apl"
| #define PACKAGE_VERSION "2.0"
| #define PACKAGE_STRING "GNU APL 2.0"
| #define PACKAGE_BUGREPORT "bug-apl@gnu.org"
| #define PACKAGE_URL "https://www.gnu.org/software/apl/"
| #define HAVE_STDIO_H 1
| #define HAVE_STDLIB_H 1
| #define HAVE_STRING_H 1
| #define HAVE_INTTYPES_H 1
| #define HAVE_STDINT_H 1
| #define HAVE_STRINGS_H 1
| #define HAVE_SYS_STAT_H 1
| #define HAVE_SYS_TYPES_H 1
| #define HAVE_UNISTD_H 1
| #define HAVE_WCHAR_H 1
| #define STDC_HEADERS 1
| #define _ALL_SOURCE 1
| #define _DARWIN_C_SOURCE 1
| #define _GNU_SOURCE 1
| #define _HPUX_ALT_XOPEN_SOCKET_API 1
| #define _NETBSD_SOURCE 1
| #define _OPENBSD_SOURCE 1
| #define _POSIX_PTHREAD_SEMANTICS 1
| #define __STDC_WANT_IEC_60559_ATTRIBS_EXT__ 1
| #define __STDC_WANT_IEC_60559_BFP_EXT__ 1
| #define __STDC_WANT_IEC_60559_DFP_EXT__ 1
| #define __STDC_WANT_IEC_60559_FUNCS_EXT__ 1
| #define __STDC_WANT_IEC_60559_TYPES_EXT__ 1
| #define __STDC_WANT_LIB_EXT2__ 1
| #define __STDC_WANT_MATH_SPEC_FUNCS__ 1
| #define _TANDEM_SOURCE 1
| #define __EXTENSIONS__ 1
| #define PACKAGE "apl"
| #define VERSION "2.0"
| #define HAVE_DLFCN_H 1
| #define LT_OBJDIR ".libs/"
| /* end confdefs.h.  */
| #include <ac_nonexistent.h>
configure:15349: checking for ld used by g++
configure:15417: result: /usr/bin/ld -m elf_x86_64
configure:15424: checking if the linker (/usr/bin/ld -m elf_x86_64) is GNU ld
configure:15440: result: yes
configure:15495: checking whether the g++ linker (/usr/bin/ld -m elf_x86_64) supports shared libraries
configure:16572: result: yes
configure:16608: g++ -c -g -O2  conftest.cpp >&5
configure:16611: $? = 0
configure:17092: checking for g++ option to produce PIC
configure:17100: result: -fPIC -DPIC
configure:17108: checking if g++ PIC flag -fPIC -DPIC works
configure:17127: g++ -c -g -O2  -fPIC -DPIC -DPIC conftest.cpp >&5
configure:17131: $? = 0
configure:17144: result: yes
configure:17167: checking if g++ static flag -static works
configure:17196: result: yes
configure:17208: checking if g++ supports -c -o file.o
configure:17230: g++ -c -g -O2  -o out/conftest2.o conftest.cpp >&5
configure:17234: $? = 0
configure:17256: result: yes
configure:17261: checking if g++ supports -c -o file.o
configure:17309: result: yes
configure:17339: checking whether the g++ linker (/usr/bin/ld -m elf_x86_64) supports shared libraries
configure:17382: result: yes
configure:17524: checking dynamic linker characteristics
configure:18284: result: GNU/Linux ld.so
configure:18349: checking how to hardcode library paths into programs
configure:18374: result: immediate
configure:18466: checking for dirent.h
configure:18466: g++ -c -g -O2 -I /home/eedjsa/savannah-repo-apl/trunk  conftest.cpp >&5
configure:18466: $? = 0
configure:18466: result: yes
configure:18466: checking for execinfo.h
configure:18466: g++ -c -g -O2 -I /home/eedjsa/savannah-repo-apl/trunk  conftest.cpp >&5
configure:18466: $? = 0
configure:18466: result: yes
configure:18466: checking for ext/atomicity.h
configure:18466: g++ -c -g -O2 -I /home/eedjsa/savannah-repo-apl/trunk  conftest.cpp >&5
configure:18466: $? = 0
configure:18466: result: yes
configure:18466: checking for fcntl.h
configure:18466: g++ -c -g -O2 -I /home/eedjsa/savannah-repo-apl/trunk  conftest.cpp >&5
configure:18466: $? = 0
configure:18466: result: yes
configure:18466: checking for fenv.h
configure:18466: g++ -c -g -O2 -I /home/eedjsa/savannah-repo-apl/trunk  conftest.cpp >&5
configure:18466: $? = 0
configure:18466: result: yes
configure:18466: checking for fftw3.h
configure:18466: g++ -c -g -O2 -I /home/eedjsa/savannah-repo-apl/trunk  conftest.cpp >&5
configure:18466: $? = 0
configure:18466: result: yes
configure:18466: checking for inttypes.h
configure:18466: result: yes
configure:18466: checking for libpng16/png.h
configure:18466: g++ -c -g -O2 -I /home/eedjsa/savannah-repo-apl/trunk  conftest.cpp >&5
configure:18466: $? = 0
configure:18466: result: yes
configure:18466: checking for limits.h
configure:18466: g++ -c -g -O2 -I /home/eedjsa/savannah-repo-apl/trunk  conftest.cpp >&5
configure:18466: $? = 0
configure:18466: result: yes
configure:18466: checking for locale.h
configure:18466: g++ -c -g -O2 -I /home/eedjsa/savannah-repo-apl/trunk  conftest.cpp >&5
configure:18466: $? = 0
configure:18466: result: yes
configure:18466: checking for malloc.h
configure:18466: g++ -c -g -O2 -I /home/eedjsa/savannah-repo-apl/trunk  conftest.cpp >&5
configure:18466: $? = 0
configure:18466: result: yes
configure:18466: checking for netdb.h
configure:18466: g++ -c -g -O2 -I /home/eedjsa/savannah-repo-apl/trunk  conftest.cpp >&5
configure:18466: $? = 0
configure:18466: result: yes
configure:18466: checking for netinet/in.h
configure:18466: g++ -c -g -O2 -I /home/eedjsa/savannah-repo-apl/trunk  conftest.cpp >&5
configure:18466: $? = 0
configure:18466: result: yes
configure:18466: checking for netinet/tcp.h
configure:18466: g++ -c -g -O2 -I /home/eedjsa/savannah-repo-apl/trunk  conftest.cpp >&5
configure:18466: $? = 0
configure:18466: result: yes
configure:18466: checking for stdint.h
configure:18466: result: yes
configure:18466: checking for stdlib.h
configure:18466: result: yes
configure:18466: checking for string.h
configure:18466: result: yes
configure:18466: checking for strings.h
configure:18466: result: yes
configure:18466: checking for sys/fcntl.h
configure:18466: g++ -c -g -O2 -I /home/eedjsa/savannah-repo-apl/trunk  conftest.cpp >&5
configure:18466: $? = 0
configure:18466: result: yes
configure:18466: checking for sys/ioctl.h
configure:18466: g++ -c -g -O2 -I /home/eedjsa/savannah-repo-apl/trunk  conftest.cpp >&5
configure:18466: $? = 0
configure:18466: result: yes
configure:18466: checking for sys/mman.h
configure:18466: g++ -c -g -O2 -I /home/eedjsa/savannah-repo-apl/trunk  conftest.cpp >&5
configure:18466: $? = 0
configure:18466: result: yes
configure:18466: checking for sys/resource.h
configure:18466: g++ -c -g -O2 -I /home/eedjsa/savannah-repo-apl/trunk  conftest.cpp >&5
configure:18466: $? = 0
configure:18466: result: yes
configure:18466: checking for sys/select.h
configure:18466: g++ -c -g -O2 -I /home/eedjsa/savannah-repo-apl/trunk  conftest.cpp >&5
configure:18466: $? = 0
configure:18466: result: yes
configure:18466: checking for sys/socket.h
configure:18466: g++ -c -g -O2 -I /home/eedjsa/savannah-repo-apl/trunk  conftest.cpp >&5
configure:18466: $? = 0
configure:18466: result: yes
configure:18466: checking for sys/stat.h
configure:18466: result: yes
configure:18466: checking for sys/time.h
configure:18466: g++ -c -g -O2 -I /home/eedjsa/savannah-repo-apl/trunk  conftest.cpp >&5
configure:18466: $? = 0
configure:18466: result: yes
configure:18466: checking for sys/types.h
configure:18466: result: yes
configure:18466: checking for sys/time.h
configure:18466: result: yes
configure:18466: checking for sys/un.h
configure:18466: g++ -c -g -O2 -I /home/eedjsa/savannah-repo-apl/trunk  conftest.cpp >&5
configure:18466: $? = 0
configure:18466: result: yes
configure:18466: checking for sys/wait.h
configure:18466: g++ -c -g -O2 -I /home/eedjsa/savannah-repo-apl/trunk  conftest.cpp >&5
configure:18466: $? = 0
configure:18466: result: yes
configure:18466: checking for termios.h
configure:18466: g++ -c -g -O2 -I /home/eedjsa/savannah-repo-apl/trunk  conftest.cpp >&5
configure:18466: $? = 0
configure:18466: result: yes
configure:18466: checking for unistd.h
configure:18466: result: yes
configure:18466: checking for utmpx.h
configure:18466: g++ -c -g -O2 -I /home/eedjsa/savannah-repo-apl/trunk  conftest.cpp >&5
configure:18466: $? = 0
configure:18466: result: yes
configure:18466: checking for vector
configure:18466: g++ -c -g -O2 -I /home/eedjsa/savannah-repo-apl/trunk  conftest.cpp >&5
configure:18466: $? = 0
configure:18466: result: yes
configure:18466: checking for zlib.h
configure:18466: g++ -c -g -O2 -I /home/eedjsa/savannah-repo-apl/trunk  conftest.cpp >&5
configure:18466: $? = 0
configure:18466: result: yes
configure:18466: checking for windows.h
configure:18466: g++ -c -g -O2 -I /home/eedjsa/savannah-repo-apl/trunk  conftest.cpp >&5
conftest.cpp:103:10: fatal error: windows.h: No such file or directory
  103 | #include <windows.h>
      |          ^~~~~~~~~~~
compilation terminated.
configure:18466: $? = 1
configure: failed program was:
| /* confdefs.h */
| #define PACKAGE_NAME "GNU APL"
| #define PACKAGE_TARNAME "apl"
| #define PACKAGE_VERSION "2.0"
| #define PACKAGE_STRING "GNU APL 2.0"
| #define PACKAGE_BUGREPORT "bug-apl@gnu.org"
| #define PACKAGE_URL "https://www.gnu.org/software/apl/"
| #define HAVE_STDIO_H 1
| #define HAVE_STDLIB_H 1
| #define HAVE_STRING_H 1
| #define HAVE_INTTYPES_H 1
| #define HAVE_STDINT_H 1
| #define HAVE_STRINGS_H 1
| #define HAVE_SYS_STAT_H 1
| #define HAVE_SYS_TYPES_H 1
| #define HAVE_UNISTD_H 1
| #define HAVE_WCHAR_H 1
| #define STDC_HEADERS 1
| #define _ALL_SOURCE 1
| #define _DARWIN_C_SOURCE 1
| #define _GNU_SOURCE 1
| #define _HPUX_ALT_XOPEN_SOCKET_API 1
| #define _NETBSD_SOURCE 1
| #define _OPENBSD_SOURCE 1
| #define _POSIX_PTHREAD_SEMANTICS 1
| #define __STDC_WANT_IEC_60559_ATTRIBS_EXT__ 1
| #define __STDC_WANT_IEC_60559_BFP_EXT__ 1
| #define __STDC_WANT_IEC_60559_DFP_EXT__ 1
| #define __STDC_WANT_IEC_60559_FUNCS_EXT__ 1
| #define __STDC_WANT_IEC_60559_TYPES_EXT__ 1
| #define __STDC_WANT_LIB_EXT2__ 1
| #define __STDC_WANT_MATH_SPEC_FUNCS__ 1
| #define _TANDEM_SOURCE 1
| #define __EXTENSIONS__ 1
| #define PACKAGE "apl"
| #define VERSION "2.0"
| #define HAVE_DLFCN_H 1
| #define LT_OBJDIR ".libs/"
| #define HAVE_DIRENT_H 1
| #define HAVE_EXECINFO_H 1
| #define HAVE_EXT_ATOMICITY_H 1
| #define HAVE_FCNTL_H 1
| #define HAVE_FENV_H 1
| #define HAVE_FFTW3_H 1
| #define HAVE_INTTYPES_H 1
| #define HAVE_LIBPNG16_PNG_H 1
| #define HAVE_LIMITS_H 1
| #define HAVE_LOCALE_H 1
| #define HAVE_MALLOC_H 1
| #define HAVE_NETDB_H 1
| #define HAVE_NETINET_IN_H 1
| #define HAVE_NETINET_TCP_H 1
| #define HAVE_STDINT_H 1
| #define HAVE_STDLIB_H 1
| #define HAVE_STRING_H 1
| #define HAVE_STRINGS_H 1
| #define HAVE_SYS_FCNTL_H 1
| #define HAVE_SYS_IOCTL_H 1
| #define HAVE_SYS_MMAN_H 1
| #define HAVE_SYS_RESOURCE_H 1
| #define HAVE_SYS_SELECT_H 1
| #define HAVE_SYS_SOCKET_H 1
| #define HAVE_SYS_STAT_H 1
| #define HAVE_SYS_TIME_H 1
| #define HAVE_SYS_TYPES_H 1
| #define HAVE_SYS_TIME_H 1
| #define HAVE_SYS_UN_H 1
| #define HAVE_SYS_WAIT_H 1
| #define HAVE_TERMIOS_H 1
| #define HAVE_UNISTD_H 1
| #define HAVE_UTMPX_H 1
| #define HAVE_VECTOR 1
| #define HAVE_ZLIB_H 1
| /* end confdefs.h.  */
| #include <stddef.h>
| #ifdef HAVE_STDIO_H
| # include <stdio.h>
| #endif
| #ifdef HAVE_STDLIB_H
| # include <stdlib.h>
| #endif
| #ifdef HAVE_STRING_H
| # include <string.h>
| #endif
| #ifdef HAVE_INTTYPES_H
| # include <inttypes.h>
| #endif
| #ifdef HAVE_STDINT_H
| # include <stdint.h>
| #endif
| #ifdef HAVE_STRINGS_H
| # include <strings.h>
| #endif
| #ifdef HAVE_SYS_TYPES_H
| # include <sys/types.h>
| #endif
| #ifdef HAVE_SYS_STAT_H
| # include <sys/stat.h>
| #endif
| #ifdef HAVE_UNISTD_H
| # include <unistd.h>
| #endif
| #include <windows.h>
configure:18466: result: no
configure:18466: checking for winsock2.h
configure:18466: g++ -c -g -O2 -I /home/eedjsa/savannah-repo-apl/trunk  conftest.cpp >&5
conftest.cpp:103:10: fatal error: winsock2.h: No such file or directory
  103 | #include <winsock2.h>
      |          ^~~~~~~~~~~~
compilation terminated.
configure:18466: $? = 1
configure: failed program was:
| /* confdefs.h */
| #define PACKAGE_NAME "GNU APL"
| #define PACKAGE_TARNAME "apl"
| #define PACKAGE_VERSION "2.0"
| #define PACKAGE_STRING "GNU APL 2.0"
| #define PACKAGE_BUGREPORT "bug-apl@gnu.org"
| #define PACKAGE_URL "https://www.gnu.org/software/apl/"
| #define HAVE_STDIO_H 1
| #define HAVE_STDLIB_H 1
| #define HAVE_STRING_H 1
| #define HAVE_INTTYPES_H 1
| #define HAVE_STDINT_H 1
| #define HAVE_STRINGS_H 1
| #define HAVE_SYS_STAT_H 1
| #define HAVE_SYS_TYPES_H 1
| #define HAVE_UNISTD_H 1
| #define HAVE_WCHAR_H 1
| #define STDC_HEADERS 1
| #define _ALL_SOURCE 1
| #define _DARWIN_C_SOURCE 1
| #define _GNU_SOURCE 1
| #define _HPUX_ALT_XOPEN_SOCKET_API 1
| #define _NETBSD_SOURCE 1
| #define _OPENBSD_SOURCE 1
| #define _POSIX_PTHREAD_SEMANTICS 1
| #define __STDC_WANT_IEC_60559_ATTRIBS_EXT__ 1
| #define __STDC_WANT_IEC_60559_BFP_EXT__ 1
| #define __STDC_WANT_IEC_60559_DFP_EXT__ 1
| #define __STDC_WANT_IEC_60559_FUNCS_EXT__ 1
| #define __STDC_WANT_IEC_60559_TYPES_EXT__ 1
| #define __STDC_WANT_LIB_EXT2__ 1
| #define __STDC_WANT_MATH_SPEC_FUNCS__ 1
| #define _TANDEM_SOURCE 1
| #define __EXTENSIONS__ 1
| #define PACKAGE "apl"
| #define VERSION "2.0"
| #define HAVE_DLFCN_H 1
| #define LT_OBJDIR ".libs/"
| #define HAVE_DIRENT_H 1
| #define HAVE_EXECINFO_H 1
| #define HAVE_EXT_ATOMICITY_H 1
| #define HAVE_FCNTL_H 1
| #define HAVE_FENV_H 1
| #define HAVE_FFTW3_H 1
| #define HAVE_INTTYPES_H 1
| #define HAVE_LIBPNG16_PNG_H 1
| #define HAVE_LIMITS_H 1
| #define HAVE_LOCALE_H 1
| #define HAVE_MALLOC_H 1
| #define HAVE_NETDB_H 1
| #define HAVE_NETINET_IN_H 1
| #define HAVE_NETINET_TCP_H 1
| #define HAVE_STDINT_H 1
| #define HAVE_STDLIB_H 1
| #define HAVE_STRING_H 1
| #define HAVE_STRINGS_H 1
| #define HAVE_SYS_FCNTL_H 1
| #define HAVE_SYS_IOCTL_H 1
| #define HAVE_SYS_MMAN_H 1
| #define HAVE_SYS_RESOURCE_H 1
| #define HAVE_SYS_SELECT_H 1
| #define HAVE_SYS_SOCKET_H 1
| #define HAVE_SYS_STAT_H 1
| #define HAVE_SYS_TIME_H 1
| #define HAVE_SYS_TYPES_H 1
| #define HAVE_SYS_TIME_H 1
| #define HAVE_SYS_UN_H 1
| #define HAVE_SYS_WAIT_H 1
| #define HAVE_TERMIOS_H 1
| #define HAVE_UNISTD_H 1
| #define HAVE_UTMPX_H 1
| #define HAVE_VECTOR 1
| #define HAVE_ZLIB_H 1
| /* end confdefs.h.  */
| #include <stddef.h>
| #ifdef HAVE_STDIO_H
| # include <stdio.h>
| #endif
| #ifdef HAVE_STDLIB_H
| # include <stdlib.h>
| #endif
| #ifdef HAVE_STRING_H
| # include <string.h>
| #endif
| #ifdef HAVE_INTTYPES_H
| # include <inttypes.h>
| #endif
| #ifdef HAVE_STDINT_H
| # include <stdint.h>
| #endif
| #ifdef HAVE_STRINGS_H
| # include <strings.h>
| #endif
| #ifdef HAVE_SYS_TYPES_H
| # include <sys/types.h>
| #endif
| #ifdef HAVE_SYS_STAT_H
| # include <sys/stat.h>
| #endif
| #ifdef HAVE_UNISTD_H
| # include <unistd.h>
| #endif
| #include <winsock2.h>
configure:18466: result: no
configure:18483: checking for _Bool
configure:18483: g++ -c -g -O2 -I /home/eedjsa/savannah-repo-apl/trunk  conftest.cpp >&5
conftest.cpp: In function 'int main()':
conftest.cpp:106:13: error: '_Bool' was not declared in this scope
  106 | if (sizeof (_Bool))
      |             ^~~~~
configure:18483: $? = 1
configure: failed program was:
| /* confdefs.h */
| #define PACKAGE_NAME "GNU APL"
| #define PACKAGE_TARNAME "apl"
| #define PACKAGE_VERSION "2.0"
| #define PACKAGE_STRING "GNU APL 2.0"
| #define PACKAGE_BUGREPORT "bug-apl@gnu.org"
| #define PACKAGE_URL "https://www.gnu.org/software/apl/"
| #define HAVE_STDIO_H 1
| #define HAVE_STDLIB_H 1
| #define HAVE_STRING_H 1
| #define HAVE_INTTYPES_H 1
| #define HAVE_STDINT_H 1
| #define HAVE_STRINGS_H 1
| #define HAVE_SYS_STAT_H 1
| #define HAVE_SYS_TYPES_H 1
| #define HAVE_UNISTD_H 1
| #define HAVE_WCHAR_H 1
| #define STDC_HEADERS 1
| #define _ALL_SOURCE 1
| #define _DARWIN_C_SOURCE 1
| #define _GNU_SOURCE 1
| #define _HPUX_ALT_XOPEN_SOCKET_API 1
| #define _NETBSD_SOURCE 1
| #define _OPENBSD_SOURCE 1
| #define _POSIX_PTHREAD_SEMANTICS 1
| #define __STDC_WANT_IEC_60559_ATTRIBS_EXT__ 1
| #define __STDC_WANT_IEC_60559_BFP_EXT__ 1
| #define __STDC_WANT_IEC_60559_DFP_EXT__ 1
| #define __STDC_WANT_IEC_60559_FUNCS_EXT__ 1
| #define __STDC_WANT_IEC_60559_TYPES_EXT__ 1
| #define __STDC_WANT_LIB_EXT2__ 1
| #define __STDC_WANT_MATH_SPEC_FUNCS__ 1
| #define _TANDEM_SOURCE 1
| #define __EXTENSIONS__ 1
| #define PACKAGE "apl"
| #define VERSION "2.0"
| #define HAVE_DLFCN_H 1
| #define LT_OBJDIR ".libs/"
| #define HAVE_DIRENT_H 1
| #define HAVE_EXECINFO_H 1
| #define HAVE_EXT_ATOMICITY_H 1
| #define HAVE_FCNTL_H 1
| #define HAVE_FENV_H 1
| #define HAVE_FFTW3_H 1
| #define HAVE_INTTYPES_H 1
| #define HAVE_LIBPNG16_PNG_H 1
| #define HAVE_LIMITS_H 1
| #define HAVE_LOCALE_H 1
| #define HAVE_MALLOC_H 1
| #define HAVE_NETDB_H 1
| #define HAVE_NETINET_IN_H 1
| #define HAVE_NETINET_TCP_H 1
| #define HAVE_STDINT_H 1
| #define HAVE_STDLIB_H 1
| #define HAVE_STRING_H 1
| #define HAVE_STRINGS_H 1
| #define HAVE_SYS_FCNTL_H 1
| #define HAVE_SYS_IOCTL_H 1
| #define HAVE_SYS_MMAN_H 1
| #define HAVE_SYS_RESOURCE_H 1
| #define HAVE_SYS_SELECT_H 1
| #define HAVE_SYS_SOCKET_H 1
| #define HAVE_SYS_STAT_H 1
| #define HAVE_SYS_TIME_H 1
| #define HAVE_SYS_TYPES_H 1
| #define HAVE_SYS_TIME_H 1
| #define HAVE_SYS_UN_H 1
| #define HAVE_SYS_WAIT_H 1
| #define HAVE_TERMIOS_H 1
| #define HAVE_UNISTD_H 1
| #define HAVE_UTMPX_H 1
| #define HAVE_VECTOR 1
| #define HAVE_ZLIB_H 1
| /* end confdefs.h.  */
| #include <stddef.h>
| #ifdef HAVE_STDIO_H
| # include <stdio.h>
| #endif
| #ifdef HAVE_STDLIB_H
| # include <stdlib.h>
| #endif
| #ifdef HAVE_STRING_H
| # include <string.h>
| #endif
| #ifdef HAVE_INTTYPES_H
| # include <inttypes.h>
| #endif
| #ifdef HAVE_STDINT_H
| # include <stdint.h>
| #endif
| #ifdef HAVE_STRINGS_H
| # include <strings.h>
| #endif
| #ifdef HAVE_SYS_TYPES_H
| # include <sys/types.h>
| #endif
| #ifdef HAVE_SYS_STAT_H
| # include <sys/stat.h>
| #endif
| #ifdef HAVE_UNISTD_H
| # include <unistd.h>
| #endif
| int
| main (void)
| {
| if (sizeof (_Bool))
| 	 return 0;
|   ;
|   return 0;
| }
configure:18483: result: no
configure:18492: checking for stdbool.h that conforms to C99
configure:18608: g++ -c -g -O2 -I /home/eedjsa/savannah-repo-apl/trunk  conftest.cpp >&5
configure:18608: $? = 0
configure:18616: result: yes
configure:18625: checking for inline
configure:18642: g++ -c -g -O2 -I /home/eedjsa/savannah-repo-apl/trunk  conftest.cpp >&5
configure:18642: $? = 0
configure:18651: result: inline
configure:18669: checking for int16_t
configure:18669: g++ -c -g -O2 -I /home/eedjsa/savannah-repo-apl/trunk  conftest.cpp >&5
configure:18669: $? = 0
configure:18669: g++ -c -g -O2 -I /home/eedjsa/savannah-repo-apl/trunk  conftest.cpp >&5
conftest.cpp: In function 'int main()':
conftest.cpp:109:72: error: narrowing conversion of '-1' from 'int' to 'long unsigned int' [-Wnarrowing]
  109 |                  < (int16_t) (((((int16_t) 1 << N) << N) - 1) * 2 + 2))];
      |                                                                        ^
conftest.cpp:108:26: error: size '-1' of array 'test_array' is negative
  108 | static int test_array [1 - 2 * !((int16_t) (((((int16_t) 1 << N) << N) - 1) * 2 + 1)
      |                        ~~^~~~~~~~~~~~~~~~~~~~~~~~~~~~~~~~~~~~~~~~~~~~~~~~~~~~~~~~~~~
  109 |                  < (int16_t) (((((int16_t) 1 << N) << N) - 1) * 2 + 2))];
      |                  ~~~~~~~~~~~~~~~~~~~~~~~~~~~~~~~~~~~~~~~~~~~~~~~~~~~~~~
configure:18669: $? = 1
configure: failed program was:
| /* confdefs.h */
| #define PACKAGE_NAME "GNU APL"
| #define PACKAGE_TARNAME "apl"
| #define PACKAGE_VERSION "2.0"
| #define PACKAGE_STRING "GNU APL 2.0"
| #define PACKAGE_BUGREPORT "bug-apl@gnu.org"
| #define PACKAGE_URL "https://www.gnu.org/software/apl/"
| #define HAVE_STDIO_H 1
| #define HAVE_STDLIB_H 1
| #define HAVE_STRING_H 1
| #define HAVE_INTTYPES_H 1
| #define HAVE_STDINT_H 1
| #define HAVE_STRINGS_H 1
| #define HAVE_SYS_STAT_H 1
| #define HAVE_SYS_TYPES_H 1
| #define HAVE_UNISTD_H 1
| #define HAVE_WCHAR_H 1
| #define STDC_HEADERS 1
| #define _ALL_SOURCE 1
| #define _DARWIN_C_SOURCE 1
| #define _GNU_SOURCE 1
| #define _HPUX_ALT_XOPEN_SOCKET_API 1
| #define _NETBSD_SOURCE 1
| #define _OPENBSD_SOURCE 1
| #define _POSIX_PTHREAD_SEMANTICS 1
| #define __STDC_WANT_IEC_60559_ATTRIBS_EXT__ 1
| #define __STDC_WANT_IEC_60559_BFP_EXT__ 1
| #define __STDC_WANT_IEC_60559_DFP_EXT__ 1
| #define __STDC_WANT_IEC_60559_FUNCS_EXT__ 1
| #define __STDC_WANT_IEC_60559_TYPES_EXT__ 1
| #define __STDC_WANT_LIB_EXT2__ 1
| #define __STDC_WANT_MATH_SPEC_FUNCS__ 1
| #define _TANDEM_SOURCE 1
| #define __EXTENSIONS__ 1
| #define PACKAGE "apl"
| #define VERSION "2.0"
| #define HAVE_DLFCN_H 1
| #define LT_OBJDIR ".libs/"
| #define HAVE_DIRENT_H 1
| #define HAVE_EXECINFO_H 1
| #define HAVE_EXT_ATOMICITY_H 1
| #define HAVE_FCNTL_H 1
| #define HAVE_FENV_H 1
| #define HAVE_FFTW3_H 1
| #define HAVE_INTTYPES_H 1
| #define HAVE_LIBPNG16_PNG_H 1
| #define HAVE_LIMITS_H 1
| #define HAVE_LOCALE_H 1
| #define HAVE_MALLOC_H 1
| #define HAVE_NETDB_H 1
| #define HAVE_NETINET_IN_H 1
| #define HAVE_NETINET_TCP_H 1
| #define HAVE_STDINT_H 1
| #define HAVE_STDLIB_H 1
| #define HAVE_STRING_H 1
| #define HAVE_STRINGS_H 1
| #define HAVE_SYS_FCNTL_H 1
| #define HAVE_SYS_IOCTL_H 1
| #define HAVE_SYS_MMAN_H 1
| #define HAVE_SYS_RESOURCE_H 1
| #define HAVE_SYS_SELECT_H 1
| #define HAVE_SYS_SOCKET_H 1
| #define HAVE_SYS_STAT_H 1
| #define HAVE_SYS_TIME_H 1
| #define HAVE_SYS_TYPES_H 1
| #define HAVE_SYS_TIME_H 1
| #define HAVE_SYS_UN_H 1
| #define HAVE_SYS_WAIT_H 1
| #define HAVE_TERMIOS_H 1
| #define HAVE_UNISTD_H 1
| #define HAVE_UTMPX_H 1
| #define HAVE_VECTOR 1
| #define HAVE_ZLIB_H 1
| #define HAVE_STDBOOL_H 1
| /* end confdefs.h.  */
| #include <stddef.h>
| #ifdef HAVE_STDIO_H
| # include <stdio.h>
| #endif
| #ifdef HAVE_STDLIB_H
| # include <stdlib.h>
| #endif
| #ifdef HAVE_STRING_H
| # include <string.h>
| #endif
| #ifdef HAVE_INTTYPES_H
| # include <inttypes.h>
| #endif
| #ifdef HAVE_STDINT_H
| # include <stdint.h>
| #endif
| #ifdef HAVE_STRINGS_H
| # include <strings.h>
| #endif
| #ifdef HAVE_SYS_TYPES_H
| # include <sys/types.h>
| #endif
| #ifdef HAVE_SYS_STAT_H
| # include <sys/stat.h>
| #endif
| #ifdef HAVE_UNISTD_H
| # include <unistd.h>
| #endif
| 	        enum { N = 16 / 2 - 1 };
| int
| main (void)
| {
| static int test_array [1 - 2 * !((int16_t) (((((int16_t) 1 << N) << N) - 1) * 2 + 1)
| 		 < (int16_t) (((((int16_t) 1 << N) << N) - 1) * 2 + 2))];
| test_array [0] = 0;
| return test_array [0];
| 
|   ;
|   return 0;
| }
configure:18669: result: yes
configure:18678: checking for int32_t
configure:18678: g++ -c -g -O2 -I /home/eedjsa/savannah-repo-apl/trunk  conftest.cpp >&5
configure:18678: $? = 0
configure:18678: g++ -c -g -O2 -I /home/eedjsa/savannah-repo-apl/trunk  conftest.cpp >&5
conftest.cpp: In function 'int main()':
conftest.cpp:109:67: warning: integer overflow in expression of type 'int32_t' {aka 'int'} results in '-2147483648' [-Woverflow]
  109 |                  < (int32_t) (((((int32_t) 1 << N) << N) - 1) * 2 + 2))];
      |                               ~~~~~~~~~~~~~~~~~~~~~~~~~~~~~~~~~~~~^~~
conftest.cpp:108:26: error: size '-1' of array 'test_array' is negative
  108 | static int test_array [1 - 2 * !((int32_t) (((((int32_t) 1 << N) << N) - 1) * 2 + 1)
      |                        ~~^~~~~~~~~~~~~~~~~~~~~~~~~~~~~~~~~~~~~~~~~~~~~~~~~~~~~~~~~~~
  109 |                  < (int32_t) (((((int32_t) 1 << N) << N) - 1) * 2 + 2))];
      |                  ~~~~~~~~~~~~~~~~~~~~~~~~~~~~~~~~~~~~~~~~~~~~~~~~~~~~~~
configure:18678: $? = 1
configure: failed program was:
| /* confdefs.h */
| #define PACKAGE_NAME "GNU APL"
| #define PACKAGE_TARNAME "apl"
| #define PACKAGE_VERSION "2.0"
| #define PACKAGE_STRING "GNU APL 2.0"
| #define PACKAGE_BUGREPORT "bug-apl@gnu.org"
| #define PACKAGE_URL "https://www.gnu.org/software/apl/"
| #define HAVE_STDIO_H 1
| #define HAVE_STDLIB_H 1
| #define HAVE_STRING_H 1
| #define HAVE_INTTYPES_H 1
| #define HAVE_STDINT_H 1
| #define HAVE_STRINGS_H 1
| #define HAVE_SYS_STAT_H 1
| #define HAVE_SYS_TYPES_H 1
| #define HAVE_UNISTD_H 1
| #define HAVE_WCHAR_H 1
| #define STDC_HEADERS 1
| #define _ALL_SOURCE 1
| #define _DARWIN_C_SOURCE 1
| #define _GNU_SOURCE 1
| #define _HPUX_ALT_XOPEN_SOCKET_API 1
| #define _NETBSD_SOURCE 1
| #define _OPENBSD_SOURCE 1
| #define _POSIX_PTHREAD_SEMANTICS 1
| #define __STDC_WANT_IEC_60559_ATTRIBS_EXT__ 1
| #define __STDC_WANT_IEC_60559_BFP_EXT__ 1
| #define __STDC_WANT_IEC_60559_DFP_EXT__ 1
| #define __STDC_WANT_IEC_60559_FUNCS_EXT__ 1
| #define __STDC_WANT_IEC_60559_TYPES_EXT__ 1
| #define __STDC_WANT_LIB_EXT2__ 1
| #define __STDC_WANT_MATH_SPEC_FUNCS__ 1
| #define _TANDEM_SOURCE 1
| #define __EXTENSIONS__ 1
| #define PACKAGE "apl"
| #define VERSION "2.0"
| #define HAVE_DLFCN_H 1
| #define LT_OBJDIR ".libs/"
| #define HAVE_DIRENT_H 1
| #define HAVE_EXECINFO_H 1
| #define HAVE_EXT_ATOMICITY_H 1
| #define HAVE_FCNTL_H 1
| #define HAVE_FENV_H 1
| #define HAVE_FFTW3_H 1
| #define HAVE_INTTYPES_H 1
| #define HAVE_LIBPNG16_PNG_H 1
| #define HAVE_LIMITS_H 1
| #define HAVE_LOCALE_H 1
| #define HAVE_MALLOC_H 1
| #define HAVE_NETDB_H 1
| #define HAVE_NETINET_IN_H 1
| #define HAVE_NETINET_TCP_H 1
| #define HAVE_STDINT_H 1
| #define HAVE_STDLIB_H 1
| #define HAVE_STRING_H 1
| #define HAVE_STRINGS_H 1
| #define HAVE_SYS_FCNTL_H 1
| #define HAVE_SYS_IOCTL_H 1
| #define HAVE_SYS_MMAN_H 1
| #define HAVE_SYS_RESOURCE_H 1
| #define HAVE_SYS_SELECT_H 1
| #define HAVE_SYS_SOCKET_H 1
| #define HAVE_SYS_STAT_H 1
| #define HAVE_SYS_TIME_H 1
| #define HAVE_SYS_TYPES_H 1
| #define HAVE_SYS_TIME_H 1
| #define HAVE_SYS_UN_H 1
| #define HAVE_SYS_WAIT_H 1
| #define HAVE_TERMIOS_H 1
| #define HAVE_UNISTD_H 1
| #define HAVE_UTMPX_H 1
| #define HAVE_VECTOR 1
| #define HAVE_ZLIB_H 1
| #define HAVE_STDBOOL_H 1
| /* end confdefs.h.  */
| #include <stddef.h>
| #ifdef HAVE_STDIO_H
| # include <stdio.h>
| #endif
| #ifdef HAVE_STDLIB_H
| # include <stdlib.h>
| #endif
| #ifdef HAVE_STRING_H
| # include <string.h>
| #endif
| #ifdef HAVE_INTTYPES_H
| # include <inttypes.h>
| #endif
| #ifdef HAVE_STDINT_H
| # include <stdint.h>
| #endif
| #ifdef HAVE_STRINGS_H
| # include <strings.h>
| #endif
| #ifdef HAVE_SYS_TYPES_H
| # include <sys/types.h>
| #endif
| #ifdef HAVE_SYS_STAT_H
| # include <sys/stat.h>
| #endif
| #ifdef HAVE_UNISTD_H
| # include <unistd.h>
| #endif
| 	        enum { N = 32 / 2 - 1 };
| int
| main (void)
| {
| static int test_array [1 - 2 * !((int32_t) (((((int32_t) 1 << N) << N) - 1) * 2 + 1)
| 		 < (int32_t) (((((int32_t) 1 << N) << N) - 1) * 2 + 2))];
| test_array [0] = 0;
| return test_array [0];
| 
|   ;
|   return 0;
| }
configure:18678: result: yes
configure:18687: checking for int64_t
configure:18687: g++ -c -g -O2 -I /home/eedjsa/savannah-repo-apl/trunk  conftest.cpp >&5
configure:18687: $? = 0
configure:18687: g++ -c -g -O2 -I /home/eedjsa/savannah-repo-apl/trunk  conftest.cpp >&5
conftest.cpp: In function 'int main()':
conftest.cpp:109:67: warning: integer overflow in expression of type 'int64_t' {aka 'long int'} results in '-9223372036854775808' [-Woverflow]
  109 |                  < (int64_t) (((((int64_t) 1 << N) << N) - 1) * 2 + 2))];
      |                               ~~~~~~~~~~~~~~~~~~~~~~~~~~~~~~~~~~~~^~~
conftest.cpp:108:26: error: size '-1' of array 'test_array' is negative
  108 | static int test_array [1 - 2 * !((int64_t) (((((int64_t) 1 << N) << N) - 1) * 2 + 1)
      |                        ~~^~~~~~~~~~~~~~~~~~~~~~~~~~~~~~~~~~~~~~~~~~~~~~~~~~~~~~~~~~~
  109 |                  < (int64_t) (((((int64_t) 1 << N) << N) - 1) * 2 + 2))];
      |                  ~~~~~~~~~~~~~~~~~~~~~~~~~~~~~~~~~~~~~~~~~~~~~~~~~~~~~~
configure:18687: $? = 1
configure: failed program was:
| /* confdefs.h */
| #define PACKAGE_NAME "GNU APL"
| #define PACKAGE_TARNAME "apl"
| #define PACKAGE_VERSION "2.0"
| #define PACKAGE_STRING "GNU APL 2.0"
| #define PACKAGE_BUGREPORT "bug-apl@gnu.org"
| #define PACKAGE_URL "https://www.gnu.org/software/apl/"
| #define HAVE_STDIO_H 1
| #define HAVE_STDLIB_H 1
| #define HAVE_STRING_H 1
| #define HAVE_INTTYPES_H 1
| #define HAVE_STDINT_H 1
| #define HAVE_STRINGS_H 1
| #define HAVE_SYS_STAT_H 1
| #define HAVE_SYS_TYPES_H 1
| #define HAVE_UNISTD_H 1
| #define HAVE_WCHAR_H 1
| #define STDC_HEADERS 1
| #define _ALL_SOURCE 1
| #define _DARWIN_C_SOURCE 1
| #define _GNU_SOURCE 1
| #define _HPUX_ALT_XOPEN_SOCKET_API 1
| #define _NETBSD_SOURCE 1
| #define _OPENBSD_SOURCE 1
| #define _POSIX_PTHREAD_SEMANTICS 1
| #define __STDC_WANT_IEC_60559_ATTRIBS_EXT__ 1
| #define __STDC_WANT_IEC_60559_BFP_EXT__ 1
| #define __STDC_WANT_IEC_60559_DFP_EXT__ 1
| #define __STDC_WANT_IEC_60559_FUNCS_EXT__ 1
| #define __STDC_WANT_IEC_60559_TYPES_EXT__ 1
| #define __STDC_WANT_LIB_EXT2__ 1
| #define __STDC_WANT_MATH_SPEC_FUNCS__ 1
| #define _TANDEM_SOURCE 1
| #define __EXTENSIONS__ 1
| #define PACKAGE "apl"
| #define VERSION "2.0"
| #define HAVE_DLFCN_H 1
| #define LT_OBJDIR ".libs/"
| #define HAVE_DIRENT_H 1
| #define HAVE_EXECINFO_H 1
| #define HAVE_EXT_ATOMICITY_H 1
| #define HAVE_FCNTL_H 1
| #define HAVE_FENV_H 1
| #define HAVE_FFTW3_H 1
| #define HAVE_INTTYPES_H 1
| #define HAVE_LIBPNG16_PNG_H 1
| #define HAVE_LIMITS_H 1
| #define HAVE_LOCALE_H 1
| #define HAVE_MALLOC_H 1
| #define HAVE_NETDB_H 1
| #define HAVE_NETINET_IN_H 1
| #define HAVE_NETINET_TCP_H 1
| #define HAVE_STDINT_H 1
| #define HAVE_STDLIB_H 1
| #define HAVE_STRING_H 1
| #define HAVE_STRINGS_H 1
| #define HAVE_SYS_FCNTL_H 1
| #define HAVE_SYS_IOCTL_H 1
| #define HAVE_SYS_MMAN_H 1
| #define HAVE_SYS_RESOURCE_H 1
| #define HAVE_SYS_SELECT_H 1
| #define HAVE_SYS_SOCKET_H 1
| #define HAVE_SYS_STAT_H 1
| #define HAVE_SYS_TIME_H 1
| #define HAVE_SYS_TYPES_H 1
| #define HAVE_SYS_TIME_H 1
| #define HAVE_SYS_UN_H 1
| #define HAVE_SYS_WAIT_H 1
| #define HAVE_TERMIOS_H 1
| #define HAVE_UNISTD_H 1
| #define HAVE_UTMPX_H 1
| #define HAVE_VECTOR 1
| #define HAVE_ZLIB_H 1
| #define HAVE_STDBOOL_H 1
| /* end confdefs.h.  */
| #include <stddef.h>
| #ifdef HAVE_STDIO_H
| # include <stdio.h>
| #endif
| #ifdef HAVE_STDLIB_H
| # include <stdlib.h>
| #endif
| #ifdef HAVE_STRING_H
| # include <string.h>
| #endif
| #ifdef HAVE_INTTYPES_H
| # include <inttypes.h>
| #endif
| #ifdef HAVE_STDINT_H
| # include <stdint.h>
| #endif
| #ifdef HAVE_STRINGS_H
| # include <strings.h>
| #endif
| #ifdef HAVE_SYS_TYPES_H
| # include <sys/types.h>
| #endif
| #ifdef HAVE_SYS_STAT_H
| # include <sys/stat.h>
| #endif
| #ifdef HAVE_UNISTD_H
| # include <unistd.h>
| #endif
| 	        enum { N = 64 / 2 - 1 };
| int
| main (void)
| {
| static int test_array [1 - 2 * !((int64_t) (((((int64_t) 1 << N) << N) - 1) * 2 + 1)
| 		 < (int64_t) (((((int64_t) 1 << N) << N) - 1) * 2 + 2))];
| test_array [0] = 0;
| return test_array [0];
| 
|   ;
|   return 0;
| }
configure:18687: result: yes
configure:18696: checking for off_t
configure:18696: g++ -c -g -O2 -I /home/eedjsa/savannah-repo-apl/trunk  conftest.cpp >&5
configure:18696: $? = 0
configure:18696: g++ -c -g -O2 -I /home/eedjsa/savannah-repo-apl/trunk  conftest.cpp >&5
conftest.cpp: In function 'int main()':
conftest.cpp:107:19: error: expected primary-expression before ')' token
  107 | if (sizeof ((off_t)))
      |                   ^
configure:18696: $? = 1
configure: failed program was:
| /* confdefs.h */
| #define PACKAGE_NAME "GNU APL"
| #define PACKAGE_TARNAME "apl"
| #define PACKAGE_VERSION "2.0"
| #define PACKAGE_STRING "GNU APL 2.0"
| #define PACKAGE_BUGREPORT "bug-apl@gnu.org"
| #define PACKAGE_URL "https://www.gnu.org/software/apl/"
| #define HAVE_STDIO_H 1
| #define HAVE_STDLIB_H 1
| #define HAVE_STRING_H 1
| #define HAVE_INTTYPES_H 1
| #define HAVE_STDINT_H 1
| #define HAVE_STRINGS_H 1
| #define HAVE_SYS_STAT_H 1
| #define HAVE_SYS_TYPES_H 1
| #define HAVE_UNISTD_H 1
| #define HAVE_WCHAR_H 1
| #define STDC_HEADERS 1
| #define _ALL_SOURCE 1
| #define _DARWIN_C_SOURCE 1
| #define _GNU_SOURCE 1
| #define _HPUX_ALT_XOPEN_SOCKET_API 1
| #define _NETBSD_SOURCE 1
| #define _OPENBSD_SOURCE 1
| #define _POSIX_PTHREAD_SEMANTICS 1
| #define __STDC_WANT_IEC_60559_ATTRIBS_EXT__ 1
| #define __STDC_WANT_IEC_60559_BFP_EXT__ 1
| #define __STDC_WANT_IEC_60559_DFP_EXT__ 1
| #define __STDC_WANT_IEC_60559_FUNCS_EXT__ 1
| #define __STDC_WANT_IEC_60559_TYPES_EXT__ 1
| #define __STDC_WANT_LIB_EXT2__ 1
| #define __STDC_WANT_MATH_SPEC_FUNCS__ 1
| #define _TANDEM_SOURCE 1
| #define __EXTENSIONS__ 1
| #define PACKAGE "apl"
| #define VERSION "2.0"
| #define HAVE_DLFCN_H 1
| #define LT_OBJDIR ".libs/"
| #define HAVE_DIRENT_H 1
| #define HAVE_EXECINFO_H 1
| #define HAVE_EXT_ATOMICITY_H 1
| #define HAVE_FCNTL_H 1
| #define HAVE_FENV_H 1
| #define HAVE_FFTW3_H 1
| #define HAVE_INTTYPES_H 1
| #define HAVE_LIBPNG16_PNG_H 1
| #define HAVE_LIMITS_H 1
| #define HAVE_LOCALE_H 1
| #define HAVE_MALLOC_H 1
| #define HAVE_NETDB_H 1
| #define HAVE_NETINET_IN_H 1
| #define HAVE_NETINET_TCP_H 1
| #define HAVE_STDINT_H 1
| #define HAVE_STDLIB_H 1
| #define HAVE_STRING_H 1
| #define HAVE_STRINGS_H 1
| #define HAVE_SYS_FCNTL_H 1
| #define HAVE_SYS_IOCTL_H 1
| #define HAVE_SYS_MMAN_H 1
| #define HAVE_SYS_RESOURCE_H 1
| #define HAVE_SYS_SELECT_H 1
| #define HAVE_SYS_SOCKET_H 1
| #define HAVE_SYS_STAT_H 1
| #define HAVE_SYS_TIME_H 1
| #define HAVE_SYS_TYPES_H 1
| #define HAVE_SYS_TIME_H 1
| #define HAVE_SYS_UN_H 1
| #define HAVE_SYS_WAIT_H 1
| #define HAVE_TERMIOS_H 1
| #define HAVE_UNISTD_H 1
| #define HAVE_UTMPX_H 1
| #define HAVE_VECTOR 1
| #define HAVE_ZLIB_H 1
| #define HAVE_STDBOOL_H 1
| /* end confdefs.h.  */
| #include <stddef.h>
| #ifdef HAVE_STDIO_H
| # include <stdio.h>
| #endif
| #ifdef HAVE_STDLIB_H
| # include <stdlib.h>
| #endif
| #ifdef HAVE_STRING_H
| # include <string.h>
| #endif
| #ifdef HAVE_INTTYPES_H
| # include <inttypes.h>
| #endif
| #ifdef HAVE_STDINT_H
| # include <stdint.h>
| #endif
| #ifdef HAVE_STRINGS_H
| # include <strings.h>
| #endif
| #ifdef HAVE_SYS_TYPES_H
| # include <sys/types.h>
| #endif
| #ifdef HAVE_SYS_STAT_H
| # include <sys/stat.h>
| #endif
| #ifdef HAVE_UNISTD_H
| # include <unistd.h>
| #endif
| int
| main (void)
| {
| if (sizeof ((off_t)))
| 	    return 0;
|   ;
|   return 0;
| }
configure:18696: result: yes
configure:18706: checking for size_t
configure:18706: g++ -c -g -O2 -I /home/eedjsa/savannah-repo-apl/trunk  conftest.cpp >&5
configure:18706: $? = 0
configure:18706: g++ -c -g -O2 -I /home/eedjsa/savannah-repo-apl/trunk  conftest.cpp >&5
conftest.cpp: In function 'int main()':
conftest.cpp:107:20: error: expected primary-expression before ')' token
  107 | if (sizeof ((size_t)))
      |                    ^
configure:18706: $? = 1
configure: failed program was:
| /* confdefs.h */
| #define PACKAGE_NAME "GNU APL"
| #define PACKAGE_TARNAME "apl"
| #define PACKAGE_VERSION "2.0"
| #define PACKAGE_STRING "GNU APL 2.0"
| #define PACKAGE_BUGREPORT "bug-apl@gnu.org"
| #define PACKAGE_URL "https://www.gnu.org/software/apl/"
| #define HAVE_STDIO_H 1
| #define HAVE_STDLIB_H 1
| #define HAVE_STRING_H 1
| #define HAVE_INTTYPES_H 1
| #define HAVE_STDINT_H 1
| #define HAVE_STRINGS_H 1
| #define HAVE_SYS_STAT_H 1
| #define HAVE_SYS_TYPES_H 1
| #define HAVE_UNISTD_H 1
| #define HAVE_WCHAR_H 1
| #define STDC_HEADERS 1
| #define _ALL_SOURCE 1
| #define _DARWIN_C_SOURCE 1
| #define _GNU_SOURCE 1
| #define _HPUX_ALT_XOPEN_SOCKET_API 1
| #define _NETBSD_SOURCE 1
| #define _OPENBSD_SOURCE 1
| #define _POSIX_PTHREAD_SEMANTICS 1
| #define __STDC_WANT_IEC_60559_ATTRIBS_EXT__ 1
| #define __STDC_WANT_IEC_60559_BFP_EXT__ 1
| #define __STDC_WANT_IEC_60559_DFP_EXT__ 1
| #define __STDC_WANT_IEC_60559_FUNCS_EXT__ 1
| #define __STDC_WANT_IEC_60559_TYPES_EXT__ 1
| #define __STDC_WANT_LIB_EXT2__ 1
| #define __STDC_WANT_MATH_SPEC_FUNCS__ 1
| #define _TANDEM_SOURCE 1
| #define __EXTENSIONS__ 1
| #define PACKAGE "apl"
| #define VERSION "2.0"
| #define HAVE_DLFCN_H 1
| #define LT_OBJDIR ".libs/"
| #define HAVE_DIRENT_H 1
| #define HAVE_EXECINFO_H 1
| #define HAVE_EXT_ATOMICITY_H 1
| #define HAVE_FCNTL_H 1
| #define HAVE_FENV_H 1
| #define HAVE_FFTW3_H 1
| #define HAVE_INTTYPES_H 1
| #define HAVE_LIBPNG16_PNG_H 1
| #define HAVE_LIMITS_H 1
| #define HAVE_LOCALE_H 1
| #define HAVE_MALLOC_H 1
| #define HAVE_NETDB_H 1
| #define HAVE_NETINET_IN_H 1
| #define HAVE_NETINET_TCP_H 1
| #define HAVE_STDINT_H 1
| #define HAVE_STDLIB_H 1
| #define HAVE_STRING_H 1
| #define HAVE_STRINGS_H 1
| #define HAVE_SYS_FCNTL_H 1
| #define HAVE_SYS_IOCTL_H 1
| #define HAVE_SYS_MMAN_H 1
| #define HAVE_SYS_RESOURCE_H 1
| #define HAVE_SYS_SELECT_H 1
| #define HAVE_SYS_SOCKET_H 1
| #define HAVE_SYS_STAT_H 1
| #define HAVE_SYS_TIME_H 1
| #define HAVE_SYS_TYPES_H 1
| #define HAVE_SYS_TIME_H 1
| #define HAVE_SYS_UN_H 1
| #define HAVE_SYS_WAIT_H 1
| #define HAVE_TERMIOS_H 1
| #define HAVE_UNISTD_H 1
| #define HAVE_UTMPX_H 1
| #define HAVE_VECTOR 1
| #define HAVE_ZLIB_H 1
| #define HAVE_STDBOOL_H 1
| /* end confdefs.h.  */
| #include <stddef.h>
| #ifdef HAVE_STDIO_H
| # include <stdio.h>
| #endif
| #ifdef HAVE_STDLIB_H
| # include <stdlib.h>
| #endif
| #ifdef HAVE_STRING_H
| # include <string.h>
| #endif
| #ifdef HAVE_INTTYPES_H
| # include <inttypes.h>
| #endif
| #ifdef HAVE_STDINT_H
| # include <stdint.h>
| #endif
| #ifdef HAVE_STRINGS_H
| # include <strings.h>
| #endif
| #ifdef HAVE_SYS_TYPES_H
| # include <sys/types.h>
| #endif
| #ifdef HAVE_SYS_STAT_H
| # include <sys/stat.h>
| #endif
| #ifdef HAVE_UNISTD_H
| # include <unistd.h>
| #endif
| int
| main (void)
| {
| if (sizeof ((size_t)))
| 	    return 0;
|   ;
|   return 0;
| }
configure:18706: result: yes
configure:18716: checking for ssize_t
configure:18716: g++ -c -g -O2 -I /home/eedjsa/savannah-repo-apl/trunk  conftest.cpp >&5
configure:18716: $? = 0
configure:18716: g++ -c -g -O2 -I /home/eedjsa/savannah-repo-apl/trunk  conftest.cpp >&5
conftest.cpp: In function 'int main()':
conftest.cpp:107:21: error: expected primary-expression before ')' token
  107 | if (sizeof ((ssize_t)))
      |                     ^
configure:18716: $? = 1
configure: failed program was:
| /* confdefs.h */
| #define PACKAGE_NAME "GNU APL"
| #define PACKAGE_TARNAME "apl"
| #define PACKAGE_VERSION "2.0"
| #define PACKAGE_STRING "GNU APL 2.0"
| #define PACKAGE_BUGREPORT "bug-apl@gnu.org"
| #define PACKAGE_URL "https://www.gnu.org/software/apl/"
| #define HAVE_STDIO_H 1
| #define HAVE_STDLIB_H 1
| #define HAVE_STRING_H 1
| #define HAVE_INTTYPES_H 1
| #define HAVE_STDINT_H 1
| #define HAVE_STRINGS_H 1
| #define HAVE_SYS_STAT_H 1
| #define HAVE_SYS_TYPES_H 1
| #define HAVE_UNISTD_H 1
| #define HAVE_WCHAR_H 1
| #define STDC_HEADERS 1
| #define _ALL_SOURCE 1
| #define _DARWIN_C_SOURCE 1
| #define _GNU_SOURCE 1
| #define _HPUX_ALT_XOPEN_SOCKET_API 1
| #define _NETBSD_SOURCE 1
| #define _OPENBSD_SOURCE 1
| #define _POSIX_PTHREAD_SEMANTICS 1
| #define __STDC_WANT_IEC_60559_ATTRIBS_EXT__ 1
| #define __STDC_WANT_IEC_60559_BFP_EXT__ 1
| #define __STDC_WANT_IEC_60559_DFP_EXT__ 1
| #define __STDC_WANT_IEC_60559_FUNCS_EXT__ 1
| #define __STDC_WANT_IEC_60559_TYPES_EXT__ 1
| #define __STDC_WANT_LIB_EXT2__ 1
| #define __STDC_WANT_MATH_SPEC_FUNCS__ 1
| #define _TANDEM_SOURCE 1
| #define __EXTENSIONS__ 1
| #define PACKAGE "apl"
| #define VERSION "2.0"
| #define HAVE_DLFCN_H 1
| #define LT_OBJDIR ".libs/"
| #define HAVE_DIRENT_H 1
| #define HAVE_EXECINFO_H 1
| #define HAVE_EXT_ATOMICITY_H 1
| #define HAVE_FCNTL_H 1
| #define HAVE_FENV_H 1
| #define HAVE_FFTW3_H 1
| #define HAVE_INTTYPES_H 1
| #define HAVE_LIBPNG16_PNG_H 1
| #define HAVE_LIMITS_H 1
| #define HAVE_LOCALE_H 1
| #define HAVE_MALLOC_H 1
| #define HAVE_NETDB_H 1
| #define HAVE_NETINET_IN_H 1
| #define HAVE_NETINET_TCP_H 1
| #define HAVE_STDINT_H 1
| #define HAVE_STDLIB_H 1
| #define HAVE_STRING_H 1
| #define HAVE_STRINGS_H 1
| #define HAVE_SYS_FCNTL_H 1
| #define HAVE_SYS_IOCTL_H 1
| #define HAVE_SYS_MMAN_H 1
| #define HAVE_SYS_RESOURCE_H 1
| #define HAVE_SYS_SELECT_H 1
| #define HAVE_SYS_SOCKET_H 1
| #define HAVE_SYS_STAT_H 1
| #define HAVE_SYS_TIME_H 1
| #define HAVE_SYS_TYPES_H 1
| #define HAVE_SYS_TIME_H 1
| #define HAVE_SYS_UN_H 1
| #define HAVE_SYS_WAIT_H 1
| #define HAVE_TERMIOS_H 1
| #define HAVE_UNISTD_H 1
| #define HAVE_UTMPX_H 1
| #define HAVE_VECTOR 1
| #define HAVE_ZLIB_H 1
| #define HAVE_STDBOOL_H 1
| /* end confdefs.h.  */
| #include <stddef.h>
| #ifdef HAVE_STDIO_H
| # include <stdio.h>
| #endif
| #ifdef HAVE_STDLIB_H
| # include <stdlib.h>
| #endif
| #ifdef HAVE_STRING_H
| # include <string.h>
| #endif
| #ifdef HAVE_INTTYPES_H
| # include <inttypes.h>
| #endif
| #ifdef HAVE_STDINT_H
| # include <stdint.h>
| #endif
| #ifdef HAVE_STRINGS_H
| # include <strings.h>
| #endif
| #ifdef HAVE_SYS_TYPES_H
| # include <sys/types.h>
| #endif
| #ifdef HAVE_SYS_STAT_H
| # include <sys/stat.h>
| #endif
| #ifdef HAVE_UNISTD_H
| # include <unistd.h>
| #endif
| int
| main (void)
| {
| if (sizeof ((ssize_t)))
| 	    return 0;
|   ;
|   return 0;
| }
configure:18716: result: yes
configure:18726: checking for uint16_t
configure:18726: g++ -c -g -O2 -I /home/eedjsa/savannah-repo-apl/trunk  conftest.cpp >&5
configure:18726: $? = 0
configure:18726: result: yes
configure:18736: checking for uint32_t
configure:18736: g++ -c -g -O2 -I /home/eedjsa/savannah-repo-apl/trunk  conftest.cpp >&5
configure:18736: $? = 0
configure:18736: result: yes
configure:18748: checking for uint64_t
configure:18748: g++ -c -g -O2 -I /home/eedjsa/savannah-repo-apl/trunk  conftest.cpp >&5
configure:18748: $? = 0
configure:18748: result: yes
configure:18760: checking for uint8_t
configure:18760: g++ -c -g -O2 -I /home/eedjsa/savannah-repo-apl/trunk  conftest.cpp >&5
configure:18760: $? = 0
configure:18760: result: yes
configure:18795: checking for stat.st_blksize stat.st_rdev
configure:18795: g++ -c -g -O2 -I /home/eedjsa/savannah-repo-apl/trunk  conftest.cpp >&5
conftest.cpp: In function 'int main()':
conftest.cpp:108:8: error: 'stat' does not name a type
  108 | static stat ac_aggr;
      |        ^~~~
conftest.cpp:109:5: error: 'ac_aggr' was not declared in this scope
  109 | if (ac_aggr.st_blksize stat.st_rdev)
      |     ^~~~~~~
conftest.cpp:109:23: error: expected ')' before 'stat'
  109 | if (ac_aggr.st_blksize stat.st_rdev)
      |    ~                  ^~~~~
      |                       )
configure:18795: $? = 1
configure: failed program was:
| /* confdefs.h */
| #define PACKAGE_NAME "GNU APL"
| #define PACKAGE_TARNAME "apl"
| #define PACKAGE_VERSION "2.0"
| #define PACKAGE_STRING "GNU APL 2.0"
| #define PACKAGE_BUGREPORT "bug-apl@gnu.org"
| #define PACKAGE_URL "https://www.gnu.org/software/apl/"
| #define HAVE_STDIO_H 1
| #define HAVE_STDLIB_H 1
| #define HAVE_STRING_H 1
| #define HAVE_INTTYPES_H 1
| #define HAVE_STDINT_H 1
| #define HAVE_STRINGS_H 1
| #define HAVE_SYS_STAT_H 1
| #define HAVE_SYS_TYPES_H 1
| #define HAVE_UNISTD_H 1
| #define HAVE_WCHAR_H 1
| #define STDC_HEADERS 1
| #define _ALL_SOURCE 1
| #define _DARWIN_C_SOURCE 1
| #define _GNU_SOURCE 1
| #define _HPUX_ALT_XOPEN_SOCKET_API 1
| #define _NETBSD_SOURCE 1
| #define _OPENBSD_SOURCE 1
| #define _POSIX_PTHREAD_SEMANTICS 1
| #define __STDC_WANT_IEC_60559_ATTRIBS_EXT__ 1
| #define __STDC_WANT_IEC_60559_BFP_EXT__ 1
| #define __STDC_WANT_IEC_60559_DFP_EXT__ 1
| #define __STDC_WANT_IEC_60559_FUNCS_EXT__ 1
| #define __STDC_WANT_IEC_60559_TYPES_EXT__ 1
| #define __STDC_WANT_LIB_EXT2__ 1
| #define __STDC_WANT_MATH_SPEC_FUNCS__ 1
| #define _TANDEM_SOURCE 1
| #define __EXTENSIONS__ 1
| #define PACKAGE "apl"
| #define VERSION "2.0"
| #define HAVE_DLFCN_H 1
| #define LT_OBJDIR ".libs/"
| #define HAVE_DIRENT_H 1
| #define HAVE_EXECINFO_H 1
| #define HAVE_EXT_ATOMICITY_H 1
| #define HAVE_FCNTL_H 1
| #define HAVE_FENV_H 1
| #define HAVE_FFTW3_H 1
| #define HAVE_INTTYPES_H 1
| #define HAVE_LIBPNG16_PNG_H 1
| #define HAVE_LIMITS_H 1
| #define HAVE_LOCALE_H 1
| #define HAVE_MALLOC_H 1
| #define HAVE_NETDB_H 1
| #define HAVE_NETINET_IN_H 1
| #define HAVE_NETINET_TCP_H 1
| #define HAVE_STDINT_H 1
| #define HAVE_STDLIB_H 1
| #define HAVE_STRING_H 1
| #define HAVE_STRINGS_H 1
| #define HAVE_SYS_FCNTL_H 1
| #define HAVE_SYS_IOCTL_H 1
| #define HAVE_SYS_MMAN_H 1
| #define HAVE_SYS_RESOURCE_H 1
| #define HAVE_SYS_SELECT_H 1
| #define HAVE_SYS_SOCKET_H 1
| #define HAVE_SYS_STAT_H 1
| #define HAVE_SYS_TIME_H 1
| #define HAVE_SYS_TYPES_H 1
| #define HAVE_SYS_TIME_H 1
| #define HAVE_SYS_UN_H 1
| #define HAVE_SYS_WAIT_H 1
| #define HAVE_TERMIOS_H 1
| #define HAVE_UNISTD_H 1
| #define HAVE_UTMPX_H 1
| #define HAVE_VECTOR 1
| #define HAVE_ZLIB_H 1
| #define HAVE_STDBOOL_H 1
| #define cfg_CONFIGURE_ARGS "./configure "
| /* end confdefs.h.  */
| #include <stddef.h>
| #ifdef HAVE_STDIO_H
| # include <stdio.h>
| #endif
| #ifdef HAVE_STDLIB_H
| # include <stdlib.h>
| #endif
| #ifdef HAVE_STRING_H
| # include <string.h>
| #endif
| #ifdef HAVE_INTTYPES_H
| # include <inttypes.h>
| #endif
| #ifdef HAVE_STDINT_H
| # include <stdint.h>
| #endif
| #ifdef HAVE_STRINGS_H
| # include <strings.h>
| #endif
| #ifdef HAVE_SYS_TYPES_H
| # include <sys/types.h>
| #endif
| #ifdef HAVE_SYS_STAT_H
| # include <sys/stat.h>
| #endif
| #ifdef HAVE_UNISTD_H
| # include <unistd.h>
| #endif
| int
| main (void)
| {
| static stat ac_aggr;
| if (ac_aggr.st_blksize stat.st_rdev)
| return 0;
|   ;
|   return 0;
| }
configure:18795: g++ -c -g -O2 -I /home/eedjsa/savannah-repo-apl/trunk  conftest.cpp >&5
conftest.cpp: In function 'int main()':
conftest.cpp:108:8: error: 'stat' does not name a type
  108 | static stat ac_aggr;
      |        ^~~~
conftest.cpp:109:12: error: 'ac_aggr' was not declared in this scope
  109 | if (sizeof ac_aggr.st_blksize stat.st_rdev)
      |            ^~~~~~~
conftest.cpp:109:30: error: expected ')' before 'stat'
  109 | if (sizeof ac_aggr.st_blksize stat.st_rdev)
      |    ~                         ^~~~~
      |                              )
configure:18795: $? = 1
configure: failed program was:
| /* confdefs.h */
| #define PACKAGE_NAME "GNU APL"
| #define PACKAGE_TARNAME "apl"
| #define PACKAGE_VERSION "2.0"
| #define PACKAGE_STRING "GNU APL 2.0"
| #define PACKAGE_BUGREPORT "bug-apl@gnu.org"
| #define PACKAGE_URL "https://www.gnu.org/software/apl/"
| #define HAVE_STDIO_H 1
| #define HAVE_STDLIB_H 1
| #define HAVE_STRING_H 1
| #define HAVE_INTTYPES_H 1
| #define HAVE_STDINT_H 1
| #define HAVE_STRINGS_H 1
| #define HAVE_SYS_STAT_H 1
| #define HAVE_SYS_TYPES_H 1
| #define HAVE_UNISTD_H 1
| #define HAVE_WCHAR_H 1
| #define STDC_HEADERS 1
| #define _ALL_SOURCE 1
| #define _DARWIN_C_SOURCE 1
| #define _GNU_SOURCE 1
| #define _HPUX_ALT_XOPEN_SOCKET_API 1
| #define _NETBSD_SOURCE 1
| #define _OPENBSD_SOURCE 1
| #define _POSIX_PTHREAD_SEMANTICS 1
| #define __STDC_WANT_IEC_60559_ATTRIBS_EXT__ 1
| #define __STDC_WANT_IEC_60559_BFP_EXT__ 1
| #define __STDC_WANT_IEC_60559_DFP_EXT__ 1
| #define __STDC_WANT_IEC_60559_FUNCS_EXT__ 1
| #define __STDC_WANT_IEC_60559_TYPES_EXT__ 1
| #define __STDC_WANT_LIB_EXT2__ 1
| #define __STDC_WANT_MATH_SPEC_FUNCS__ 1
| #define _TANDEM_SOURCE 1
| #define __EXTENSIONS__ 1
| #define PACKAGE "apl"
| #define VERSION "2.0"
| #define HAVE_DLFCN_H 1
| #define LT_OBJDIR ".libs/"
| #define HAVE_DIRENT_H 1
| #define HAVE_EXECINFO_H 1
| #define HAVE_EXT_ATOMICITY_H 1
| #define HAVE_FCNTL_H 1
| #define HAVE_FENV_H 1
| #define HAVE_FFTW3_H 1
| #define HAVE_INTTYPES_H 1
| #define HAVE_LIBPNG16_PNG_H 1
| #define HAVE_LIMITS_H 1
| #define HAVE_LOCALE_H 1
| #define HAVE_MALLOC_H 1
| #define HAVE_NETDB_H 1
| #define HAVE_NETINET_IN_H 1
| #define HAVE_NETINET_TCP_H 1
| #define HAVE_STDINT_H 1
| #define HAVE_STDLIB_H 1
| #define HAVE_STRING_H 1
| #define HAVE_STRINGS_H 1
| #define HAVE_SYS_FCNTL_H 1
| #define HAVE_SYS_IOCTL_H 1
| #define HAVE_SYS_MMAN_H 1
| #define HAVE_SYS_RESOURCE_H 1
| #define HAVE_SYS_SELECT_H 1
| #define HAVE_SYS_SOCKET_H 1
| #define HAVE_SYS_STAT_H 1
| #define HAVE_SYS_TIME_H 1
| #define HAVE_SYS_TYPES_H 1
| #define HAVE_SYS_TIME_H 1
| #define HAVE_SYS_UN_H 1
| #define HAVE_SYS_WAIT_H 1
| #define HAVE_TERMIOS_H 1
| #define HAVE_UNISTD_H 1
| #define HAVE_UTMPX_H 1
| #define HAVE_VECTOR 1
| #define HAVE_ZLIB_H 1
| #define HAVE_STDBOOL_H 1
| #define cfg_CONFIGURE_ARGS "./configure "
| /* end confdefs.h.  */
| #include <stddef.h>
| #ifdef HAVE_STDIO_H
| # include <stdio.h>
| #endif
| #ifdef HAVE_STDLIB_H
| # include <stdlib.h>
| #endif
| #ifdef HAVE_STRING_H
| # include <string.h>
| #endif
| #ifdef HAVE_INTTYPES_H
| # include <inttypes.h>
| #endif
| #ifdef HAVE_STDINT_H
| # include <stdint.h>
| #endif
| #ifdef HAVE_STRINGS_H
| # include <strings.h>
| #endif
| #ifdef HAVE_SYS_TYPES_H
| # include <sys/types.h>
| #endif
| #ifdef HAVE_SYS_STAT_H
| # include <sys/stat.h>
| #endif
| #ifdef HAVE_UNISTD_H
| # include <unistd.h>
| #endif
| int
| main (void)
| {
| static stat ac_aggr;
| if (sizeof ac_aggr.st_blksize stat.st_rdev)
| return 0;
|   ;
|   return 0;
| }
configure:18795: result: no
configure:18805: checking for error_at_line
configure:18822: g++ -o conftest -g -O2 -I /home/eedjsa/savannah-repo-apl/trunk   conftest.cpp  >&5
configure:18822: $? = 0
configure:18831: result: yes
configure:18843: checking for pid_t
configure:18843: g++ -c -g -O2 -I /home/eedjsa/savannah-repo-apl/trunk  conftest.cpp >&5
configure:18843: $? = 0
configure:18843: g++ -c -g -O2 -I /home/eedjsa/savannah-repo-apl/trunk  conftest.cpp >&5
conftest.cpp: In function 'int main()':
conftest.cpp:109:19: error: expected primary-expression before ')' token
  109 | if (sizeof ((pid_t)))
      |                   ^
configure:18843: $? = 1
configure: failed program was:
| /* confdefs.h */
| #define PACKAGE_NAME "GNU APL"
| #define PACKAGE_TARNAME "apl"
| #define PACKAGE_VERSION "2.0"
| #define PACKAGE_STRING "GNU APL 2.0"
| #define PACKAGE_BUGREPORT "bug-apl@gnu.org"
| #define PACKAGE_URL "https://www.gnu.org/software/apl/"
| #define HAVE_STDIO_H 1
| #define HAVE_STDLIB_H 1
| #define HAVE_STRING_H 1
| #define HAVE_INTTYPES_H 1
| #define HAVE_STDINT_H 1
| #define HAVE_STRINGS_H 1
| #define HAVE_SYS_STAT_H 1
| #define HAVE_SYS_TYPES_H 1
| #define HAVE_UNISTD_H 1
| #define HAVE_WCHAR_H 1
| #define STDC_HEADERS 1
| #define _ALL_SOURCE 1
| #define _DARWIN_C_SOURCE 1
| #define _GNU_SOURCE 1
| #define _HPUX_ALT_XOPEN_SOCKET_API 1
| #define _NETBSD_SOURCE 1
| #define _OPENBSD_SOURCE 1
| #define _POSIX_PTHREAD_SEMANTICS 1
| #define __STDC_WANT_IEC_60559_ATTRIBS_EXT__ 1
| #define __STDC_WANT_IEC_60559_BFP_EXT__ 1
| #define __STDC_WANT_IEC_60559_DFP_EXT__ 1
| #define __STDC_WANT_IEC_60559_FUNCS_EXT__ 1
| #define __STDC_WANT_IEC_60559_TYPES_EXT__ 1
| #define __STDC_WANT_LIB_EXT2__ 1
| #define __STDC_WANT_MATH_SPEC_FUNCS__ 1
| #define _TANDEM_SOURCE 1
| #define __EXTENSIONS__ 1
| #define PACKAGE "apl"
| #define VERSION "2.0"
| #define HAVE_DLFCN_H 1
| #define LT_OBJDIR ".libs/"
| #define HAVE_DIRENT_H 1
| #define HAVE_EXECINFO_H 1
| #define HAVE_EXT_ATOMICITY_H 1
| #define HAVE_FCNTL_H 1
| #define HAVE_FENV_H 1
| #define HAVE_FFTW3_H 1
| #define HAVE_INTTYPES_H 1
| #define HAVE_LIBPNG16_PNG_H 1
| #define HAVE_LIMITS_H 1
| #define HAVE_LOCALE_H 1
| #define HAVE_MALLOC_H 1
| #define HAVE_NETDB_H 1
| #define HAVE_NETINET_IN_H 1
| #define HAVE_NETINET_TCP_H 1
| #define HAVE_STDINT_H 1
| #define HAVE_STDLIB_H 1
| #define HAVE_STRING_H 1
| #define HAVE_STRINGS_H 1
| #define HAVE_SYS_FCNTL_H 1
| #define HAVE_SYS_IOCTL_H 1
| #define HAVE_SYS_MMAN_H 1
| #define HAVE_SYS_RESOURCE_H 1
| #define HAVE_SYS_SELECT_H 1
| #define HAVE_SYS_SOCKET_H 1
| #define HAVE_SYS_STAT_H 1
| #define HAVE_SYS_TIME_H 1
| #define HAVE_SYS_TYPES_H 1
| #define HAVE_SYS_TIME_H 1
| #define HAVE_SYS_UN_H 1
| #define HAVE_SYS_WAIT_H 1
| #define HAVE_TERMIOS_H 1
| #define HAVE_UNISTD_H 1
| #define HAVE_UTMPX_H 1
| #define HAVE_VECTOR 1
| #define HAVE_ZLIB_H 1
| #define HAVE_STDBOOL_H 1
| #define cfg_CONFIGURE_ARGS "./configure "
| /* end confdefs.h.  */
| #include <stddef.h>
| #ifdef HAVE_STDIO_H
| # include <stdio.h>
| #endif
| #ifdef HAVE_STDLIB_H
| # include <stdlib.h>
| #endif
| #ifdef HAVE_STRING_H
| # include <string.h>
| #endif
| #ifdef HAVE_INTTYPES_H
| # include <inttypes.h>
| #endif
| #ifdef HAVE_STDINT_H
| # include <stdint.h>
| #endif
| #ifdef HAVE_STRINGS_H
| # include <strings.h>
| #endif
| #ifdef HAVE_SYS_TYPES_H
| # include <sys/types.h>
| #endif
| #ifdef HAVE_SYS_STAT_H
| # include <sys/stat.h>
| #endif
| #ifdef HAVE_UNISTD_H
| # include <unistd.h>
| #endif
| 
| int
| main (void)
| {
| if (sizeof ((pid_t)))
| 	    return 0;
|   ;
|   return 0;
| }
configure:18843: result: yes
configure:18883: checking for vfork.h
configure:18883: g++ -c -g -O2 -I /home/eedjsa/savannah-repo-apl/trunk  conftest.cpp >&5
conftest.cpp:105:10: fatal error: vfork.h: No such file or directory
  105 | #include <vfork.h>
      |          ^~~~~~~~~
compilation terminated.
configure:18883: $? = 1
configure: failed program was:
| /* confdefs.h */
| #define PACKAGE_NAME "GNU APL"
| #define PACKAGE_TARNAME "apl"
| #define PACKAGE_VERSION "2.0"
| #define PACKAGE_STRING "GNU APL 2.0"
| #define PACKAGE_BUGREPORT "bug-apl@gnu.org"
| #define PACKAGE_URL "https://www.gnu.org/software/apl/"
| #define HAVE_STDIO_H 1
| #define HAVE_STDLIB_H 1
| #define HAVE_STRING_H 1
| #define HAVE_INTTYPES_H 1
| #define HAVE_STDINT_H 1
| #define HAVE_STRINGS_H 1
| #define HAVE_SYS_STAT_H 1
| #define HAVE_SYS_TYPES_H 1
| #define HAVE_UNISTD_H 1
| #define HAVE_WCHAR_H 1
| #define STDC_HEADERS 1
| #define _ALL_SOURCE 1
| #define _DARWIN_C_SOURCE 1
| #define _GNU_SOURCE 1
| #define _HPUX_ALT_XOPEN_SOCKET_API 1
| #define _NETBSD_SOURCE 1
| #define _OPENBSD_SOURCE 1
| #define _POSIX_PTHREAD_SEMANTICS 1
| #define __STDC_WANT_IEC_60559_ATTRIBS_EXT__ 1
| #define __STDC_WANT_IEC_60559_BFP_EXT__ 1
| #define __STDC_WANT_IEC_60559_DFP_EXT__ 1
| #define __STDC_WANT_IEC_60559_FUNCS_EXT__ 1
| #define __STDC_WANT_IEC_60559_TYPES_EXT__ 1
| #define __STDC_WANT_LIB_EXT2__ 1
| #define __STDC_WANT_MATH_SPEC_FUNCS__ 1
| #define _TANDEM_SOURCE 1
| #define __EXTENSIONS__ 1
| #define PACKAGE "apl"
| #define VERSION "2.0"
| #define HAVE_DLFCN_H 1
| #define LT_OBJDIR ".libs/"
| #define HAVE_DIRENT_H 1
| #define HAVE_EXECINFO_H 1
| #define HAVE_EXT_ATOMICITY_H 1
| #define HAVE_FCNTL_H 1
| #define HAVE_FENV_H 1
| #define HAVE_FFTW3_H 1
| #define HAVE_INTTYPES_H 1
| #define HAVE_LIBPNG16_PNG_H 1
| #define HAVE_LIMITS_H 1
| #define HAVE_LOCALE_H 1
| #define HAVE_MALLOC_H 1
| #define HAVE_NETDB_H 1
| #define HAVE_NETINET_IN_H 1
| #define HAVE_NETINET_TCP_H 1
| #define HAVE_STDINT_H 1
| #define HAVE_STDLIB_H 1
| #define HAVE_STRING_H 1
| #define HAVE_STRINGS_H 1
| #define HAVE_SYS_FCNTL_H 1
| #define HAVE_SYS_IOCTL_H 1
| #define HAVE_SYS_MMAN_H 1
| #define HAVE_SYS_RESOURCE_H 1
| #define HAVE_SYS_SELECT_H 1
| #define HAVE_SYS_SOCKET_H 1
| #define HAVE_SYS_STAT_H 1
| #define HAVE_SYS_TIME_H 1
| #define HAVE_SYS_TYPES_H 1
| #define HAVE_SYS_TIME_H 1
| #define HAVE_SYS_UN_H 1
| #define HAVE_SYS_WAIT_H 1
| #define HAVE_TERMIOS_H 1
| #define HAVE_UNISTD_H 1
| #define HAVE_UTMPX_H 1
| #define HAVE_VECTOR 1
| #define HAVE_ZLIB_H 1
| #define HAVE_STDBOOL_H 1
| #define cfg_CONFIGURE_ARGS "./configure "
| /* end confdefs.h.  */
| #include <stddef.h>
| #ifdef HAVE_STDIO_H
| # include <stdio.h>
| #endif
| #ifdef HAVE_STDLIB_H
| # include <stdlib.h>
| #endif
| #ifdef HAVE_STRING_H
| # include <string.h>
| #endif
| #ifdef HAVE_INTTYPES_H
| # include <inttypes.h>
| #endif
| #ifdef HAVE_STDINT_H
| # include <stdint.h>
| #endif
| #ifdef HAVE_STRINGS_H
| # include <strings.h>
| #endif
| #ifdef HAVE_SYS_TYPES_H
| # include <sys/types.h>
| #endif
| #ifdef HAVE_SYS_STAT_H
| # include <sys/stat.h>
| #endif
| #ifdef HAVE_UNISTD_H
| # include <unistd.h>
| #endif
| #include <vfork.h>
configure:18883: result: no
configure:18883: checking for sys/time.h
configure:18883: result: yes
configure:18883: checking for sys/param.h
configure:18883: g++ -c -g -O2 -I /home/eedjsa/savannah-repo-apl/trunk  conftest.cpp >&5
configure:18883: $? = 0
configure:18883: result: yes
configure:18898: checking for fork
configure:18898: g++ -o conftest -g -O2 -I /home/eedjsa/savannah-repo-apl/trunk   conftest.cpp  >&5
conftest.cpp:95:6: warning: declaration of 'char fork()' conflicts with built-in declaration 'int fork()' [-Wbuiltin-declaration-mismatch]
   95 | char fork ();
      |      ^~~~
configure:18898: $? = 0
configure:18898: result: yes
configure:18898: checking for vfork
configure:18898: g++ -o conftest -g -O2 -I /home/eedjsa/savannah-repo-apl/trunk   conftest.cpp  >&5
configure:18898: $? = 0
configure:18898: result: yes
configure:18898: checking for alarm
configure:18898: g++ -o conftest -g -O2 -I /home/eedjsa/savannah-repo-apl/trunk   conftest.cpp  >&5
configure:18898: $? = 0
configure:18898: result: yes
configure:18898: checking for getpagesize
configure:18898: g++ -o conftest -g -O2 -I /home/eedjsa/savannah-repo-apl/trunk   conftest.cpp  >&5
configure:18898: $? = 0
configure:18898: result: yes
configure:18911: checking for working fork
configure:18935: g++ -o conftest -g -O2 -I /home/eedjsa/savannah-repo-apl/trunk   conftest.cpp  >&5
configure:18935: $? = 0
configure:18935: ./conftest
configure:18935: $? = 0
configure:18946: result: yes
configure:18967: checking for working vfork
configure:19096: result: yes
configure:19121: checking for GNU libc compatible malloc
configure:19153: g++ -o conftest -g -O2 -I /home/eedjsa/savannah-repo-apl/trunk   conftest.cpp  >&5
configure:19153: $? = 0
configure:19153: ./conftest
configure:19153: $? = 0
configure:19164: result: yes
configure:19190: checking for working mktime
configure:19388: g++ -o conftest -g -O2 -I /home/eedjsa/savannah-repo-apl/trunk   conftest.cpp  >&5
configure:19388: $? = 0
configure:19388: ./conftest
configure:19388: $? = 0
configure:19399: result: yes
configure:19410: checking for working strtod
configure:19453: g++ -o conftest -g -O2 -I /home/eedjsa/savannah-repo-apl/trunk   conftest.cpp  >&5
conftest.cpp: In function 'int main()':
conftest.cpp:123:20: warning: ISO C++ forbids converting a string constant to 'char*' [-Wwrite-strings]
  123 |     char *string = " +69";
      |                    ^~~~~~
conftest.cpp:134:20: warning: ISO C++ forbids converting a string constant to 'char*' [-Wwrite-strings]
  134 |     char *string = "NaN";
      |                    ^~~~~
configure:19453: $? = 0
configure:19453: ./conftest
configure:19453: $? = 0
configure:19464: result: yes
configure:19530: checking for working mmap
configure:19682: g++ -o conftest -g -O2 -I /home/eedjsa/savannah-repo-apl/trunk   conftest.cpp  >&5
configure:19682: $? = 0
configure:19682: ./conftest
configure:19682: $? = 0
configure:19693: result: yes
configure:19707: checking for dup2
configure:19707: g++ -o conftest -g -O2 -I /home/eedjsa/savannah-repo-apl/trunk   conftest.cpp  >&5
configure:19707: $? = 0
configure:19707: result: yes
configure:19707: checking for floor
configure:19707: g++ -o conftest -g -O2 -I /home/eedjsa/savannah-repo-apl/trunk   conftest.cpp  >&5
conftest.cpp:104:6: warning: declaration of 'char floor()' conflicts with built-in declaration 'double floor(double)' [-Wbuiltin-declaration-mismatch]
  104 | char floor ();
      |      ^~~~~
configure:19707: $? = 0
configure:19707: result: yes
configure:19707: checking for getcwd
configure:19707: g++ -o conftest -g -O2 -I /home/eedjsa/savannah-repo-apl/trunk   conftest.cpp  >&5
configure:19707: $? = 0
configure:19707: result: yes
configure:19707: checking for gethostbyname
configure:19707: g++ -o conftest -g -O2 -I /home/eedjsa/savannah-repo-apl/trunk   conftest.cpp  >&5
configure:19707: $? = 0
configure:19707: result: yes
configure:19707: checking for gettimeofday
configure:19707: g++ -o conftest -g -O2 -I /home/eedjsa/savannah-repo-apl/trunk   conftest.cpp  >&5
configure:19707: $? = 0
configure:19707: result: yes
configure:19707: checking for memset
configure:19707: g++ -o conftest -g -O2 -I /home/eedjsa/savannah-repo-apl/trunk   conftest.cpp  >&5
conftest.cpp:108:6: warning: declaration of 'char memset()' conflicts with built-in declaration 'void* memset(void*, int, long unsigned int)' [-Wbuiltin-declaration-mismatch]
  108 | char memset ();
      |      ^~~~~~
configure:19707: $? = 0
configure:19707: result: yes
configure:19707: checking for mkdir
configure:19707: g++ -o conftest -g -O2 -I /home/eedjsa/savannah-repo-apl/trunk   conftest.cpp  >&5
configure:19707: $? = 0
configure:19707: result: yes
configure:19707: checking for modf
configure:19707: g++ -o conftest -g -O2 -I /home/eedjsa/savannah-repo-apl/trunk   conftest.cpp  >&5
conftest.cpp:110:6: warning: declaration of 'char modf()' conflicts with built-in declaration 'double modf(double, double*)' [-Wbuiltin-declaration-mismatch]
  110 | char modf ();
      |      ^~~~
configure:19707: $? = 0
configure:19707: result: yes
configure:19707: checking for munmap
configure:19707: g++ -o conftest -g -O2 -I /home/eedjsa/savannah-repo-apl/trunk   conftest.cpp  >&5
configure:19707: $? = 0
configure:19707: result: yes
configure:19707: checking for pow
configure:19707: g++ -o conftest -g -O2 -I /home/eedjsa/savannah-repo-apl/trunk   conftest.cpp  >&5
conftest.cpp:112:6: warning: declaration of 'char pow()' conflicts with built-in declaration 'double pow(double, double)' [-Wbuiltin-declaration-mismatch]
  112 | char pow ();
      |      ^~~
configure:19707: $? = 0
configure:19707: result: yes
configure:19707: checking for realpath
configure:19707: g++ -o conftest -g -O2 -I /home/eedjsa/savannah-repo-apl/trunk   conftest.cpp  >&5
configure:19707: $? = 0
configure:19707: result: yes
configure:19707: checking for rint
configure:19707: g++ -o conftest -g -O2 -I /home/eedjsa/savannah-repo-apl/trunk   conftest.cpp  >&5
conftest.cpp:114:6: warning: declaration of 'char rint()' conflicts with built-in declaration 'double rint(double)' [-Wbuiltin-declaration-mismatch]
  114 | char rint ();
      |      ^~~~
configure:19707: $? = 0
configure:19707: result: yes
configure:19707: checking for rmdir
configure:19707: g++ -o conftest -g -O2 -I /home/eedjsa/savannah-repo-apl/trunk   conftest.cpp  >&5
configure:19707: $? = 0
configure:19707: result: yes
configure:19707: checking for select
configure:19707: g++ -o conftest -g -O2 -I /home/eedjsa/savannah-repo-apl/trunk   conftest.cpp  >&5
configure:19707: $? = 0
configure:19707: result: yes
configure:19707: checking for setenv
configure:19707: g++ -o conftest -g -O2 -I /home/eedjsa/savannah-repo-apl/trunk   conftest.cpp  >&5
configure:19707: $? = 0
configure:19707: result: yes
configure:19707: checking for setlocale
configure:19707: g++ -o conftest -g -O2 -I /home/eedjsa/savannah-repo-apl/trunk   conftest.cpp  >&5
configure:19707: $? = 0
configure:19707: result: yes
configure:19707: checking for socket
configure:19707: g++ -o conftest -g -O2 -I /home/eedjsa/savannah-repo-apl/trunk   conftest.cpp  >&5
configure:19707: $? = 0
configure:19707: result: yes
configure:19707: checking for sqrt
configure:19707: g++ -o conftest -g -O2 -I /home/eedjsa/savannah-repo-apl/trunk   conftest.cpp  >&5
conftest.cpp:120:6: warning: declaration of 'char sqrt()' conflicts with built-in declaration 'double sqrt(double)' [-Wbuiltin-declaration-mismatch]
  120 | char sqrt ();
      |      ^~~~
configure:19707: $? = 0
configure:19707: result: yes
configure:19707: checking for strcasecmp
configure:19707: g++ -o conftest -g -O2 -I /home/eedjsa/savannah-repo-apl/trunk   conftest.cpp  >&5
conftest.cpp:121:6: warning: declaration of 'char strcasecmp()' conflicts with built-in declaration 'int strcasecmp(const char*, const char*)' [-Wbuiltin-declaration-mismatch]
  121 | char strcasecmp ();
      |      ^~~~~~~~~~
configure:19707: $? = 0
configure:19707: result: yes
configure:19707: checking for strchr
configure:19707: g++ -o conftest -g -O2 -I /home/eedjsa/savannah-repo-apl/trunk   conftest.cpp  >&5
conftest.cpp:122:6: warning: declaration of 'char strchr()' conflicts with built-in declaration 'char* strchr(const char*, int)' [-Wbuiltin-declaration-mismatch]
  122 | char strchr ();
      |      ^~~~~~
configure:19707: $? = 0
configure:19707: result: yes
configure:19707: checking for strdup
configure:19707: g++ -o conftest -g -O2 -I /home/eedjsa/savannah-repo-apl/trunk   conftest.cpp  >&5
conftest.cpp:123:6: warning: declaration of 'char strdup()' conflicts with built-in declaration 'char* strdup(const char*)' [-Wbuiltin-declaration-mismatch]
  123 | char strdup ();
      |      ^~~~~~
configure:19707: $? = 0
configure:19707: result: yes
configure:19707: checking for strncasecmp
configure:19707: g++ -o conftest -g -O2 -I /home/eedjsa/savannah-repo-apl/trunk   conftest.cpp  >&5
conftest.cpp:124:6: warning: declaration of 'char strncasecmp()' conflicts with built-in declaration 'int strncasecmp(const char*, const char*, long unsigned int)' [-Wbuiltin-declaration-mismatch]
  124 | char strncasecmp ();
      |      ^~~~~~~~~~~
configure:19707: $? = 0
configure:19707: result: yes
configure:19707: checking for strndup
configure:19707: g++ -o conftest -g -O2 -I /home/eedjsa/savannah-repo-apl/trunk   conftest.cpp  >&5
conftest.cpp:125:6: warning: declaration of 'char strndup()' conflicts with built-in declaration 'char* strndup(const char*, long unsigned int)' [-Wbuiltin-declaration-mismatch]
  125 | char strndup ();
      |      ^~~~~~~
configure:19707: $? = 0
configure:19707: result: yes
configure:19707: checking for strerror
configure:19707: g++ -o conftest -g -O2 -I /home/eedjsa/savannah-repo-apl/trunk   conftest.cpp  >&5
configure:19707: $? = 0
configure:19707: result: yes
configure:19707: checking for strrchr
configure:19707: g++ -o conftest -g -O2 -I /home/eedjsa/savannah-repo-apl/trunk   conftest.cpp  >&5
conftest.cpp:127:6: warning: declaration of 'char strrchr()' conflicts with built-in declaration 'char* strrchr(const char*, int)' [-Wbuiltin-declaration-mismatch]
  127 | char strrchr ();
      |      ^~~~~~~
configure:19707: $? = 0
configure:19707: result: yes
configure:19707: checking for strstr
configure:19707: g++ -o conftest -g -O2 -I /home/eedjsa/savannah-repo-apl/trunk   conftest.cpp  >&5
conftest.cpp:128:6: warning: declaration of 'char strstr()' conflicts with built-in declaration 'char* strstr(const char*, const char*)' [-Wbuiltin-declaration-mismatch]
  128 | char strstr ();
      |      ^~~~~~
configure:19707: $? = 0
configure:19707: result: yes
configure:19707: checking for strtol
configure:19707: g++ -o conftest -g -O2 -I /home/eedjsa/savannah-repo-apl/trunk   conftest.cpp  >&5
configure:19707: $? = 0
configure:19707: result: yes
configure:19707: checking for uname
configure:19707: g++ -o conftest -g -O2 -I /home/eedjsa/savannah-repo-apl/trunk   conftest.cpp  >&5
configure:19707: $? = 0
configure:19707: result: yes
configure:19723: checking for socket in -lsocket
configure:19745: g++ -o conftest -g -O2 -I /home/eedjsa/savannah-repo-apl/trunk   conftest.cpp -lsocket   >&5
/usr/bin/ld: cannot find -lsocket: No such file or directory
collect2: error: ld returned 1 exit status
configure:19745: $? = 1
configure: failed program was:
| /* confdefs.h */
| #define PACKAGE_NAME "GNU APL"
| #define PACKAGE_TARNAME "apl"
| #define PACKAGE_VERSION "2.0"
| #define PACKAGE_STRING "GNU APL 2.0"
| #define PACKAGE_BUGREPORT "bug-apl@gnu.org"
| #define PACKAGE_URL "https://www.gnu.org/software/apl/"
| #define HAVE_STDIO_H 1
| #define HAVE_STDLIB_H 1
| #define HAVE_STRING_H 1
| #define HAVE_INTTYPES_H 1
| #define HAVE_STDINT_H 1
| #define HAVE_STRINGS_H 1
| #define HAVE_SYS_STAT_H 1
| #define HAVE_SYS_TYPES_H 1
| #define HAVE_UNISTD_H 1
| #define HAVE_WCHAR_H 1
| #define STDC_HEADERS 1
| #define _ALL_SOURCE 1
| #define _DARWIN_C_SOURCE 1
| #define _GNU_SOURCE 1
| #define _HPUX_ALT_XOPEN_SOCKET_API 1
| #define _NETBSD_SOURCE 1
| #define _OPENBSD_SOURCE 1
| #define _POSIX_PTHREAD_SEMANTICS 1
| #define __STDC_WANT_IEC_60559_ATTRIBS_EXT__ 1
| #define __STDC_WANT_IEC_60559_BFP_EXT__ 1
| #define __STDC_WANT_IEC_60559_DFP_EXT__ 1
| #define __STDC_WANT_IEC_60559_FUNCS_EXT__ 1
| #define __STDC_WANT_IEC_60559_TYPES_EXT__ 1
| #define __STDC_WANT_LIB_EXT2__ 1
| #define __STDC_WANT_MATH_SPEC_FUNCS__ 1
| #define _TANDEM_SOURCE 1
| #define __EXTENSIONS__ 1
| #define PACKAGE "apl"
| #define VERSION "2.0"
| #define HAVE_DLFCN_H 1
| #define LT_OBJDIR ".libs/"
| #define HAVE_DIRENT_H 1
| #define HAVE_EXECINFO_H 1
| #define HAVE_EXT_ATOMICITY_H 1
| #define HAVE_FCNTL_H 1
| #define HAVE_FENV_H 1
| #define HAVE_FFTW3_H 1
| #define HAVE_INTTYPES_H 1
| #define HAVE_LIBPNG16_PNG_H 1
| #define HAVE_LIMITS_H 1
| #define HAVE_LOCALE_H 1
| #define HAVE_MALLOC_H 1
| #define HAVE_NETDB_H 1
| #define HAVE_NETINET_IN_H 1
| #define HAVE_NETINET_TCP_H 1
| #define HAVE_STDINT_H 1
| #define HAVE_STDLIB_H 1
| #define HAVE_STRING_H 1
| #define HAVE_STRINGS_H 1
| #define HAVE_SYS_FCNTL_H 1
| #define HAVE_SYS_IOCTL_H 1
| #define HAVE_SYS_MMAN_H 1
| #define HAVE_SYS_RESOURCE_H 1
| #define HAVE_SYS_SELECT_H 1
| #define HAVE_SYS_SOCKET_H 1
| #define HAVE_SYS_STAT_H 1
| #define HAVE_SYS_TIME_H 1
| #define HAVE_SYS_TYPES_H 1
| #define HAVE_SYS_TIME_H 1
| #define HAVE_SYS_UN_H 1
| #define HAVE_SYS_WAIT_H 1
| #define HAVE_TERMIOS_H 1
| #define HAVE_UNISTD_H 1
| #define HAVE_UTMPX_H 1
| #define HAVE_VECTOR 1
| #define HAVE_ZLIB_H 1
| #define HAVE_STDBOOL_H 1
| #define cfg_CONFIGURE_ARGS "./configure "
| #define HAVE_SYS_TIME_H 1
| #define HAVE_SYS_PARAM_H 1
| #define HAVE_FORK 1
| #define HAVE_VFORK 1
| #define HAVE_ALARM 1
| #define HAVE_GETPAGESIZE 1
| #define HAVE_WORKING_VFORK 1
| #define HAVE_WORKING_FORK 1
| #define HAVE_MALLOC 1
| #define HAVE_MMAP 1
| #define HAVE_DUP2 1
| #define HAVE_FLOOR 1
| #define HAVE_GETCWD 1
| #define HAVE_GETHOSTBYNAME 1
| #define HAVE_GETTIMEOFDAY 1
| #define HAVE_MEMSET 1
| #define HAVE_MKDIR 1
| #define HAVE_MODF 1
| #define HAVE_MUNMAP 1
| #define HAVE_POW 1
| #define HAVE_REALPATH 1
| #define HAVE_RINT 1
| #define HAVE_RMDIR 1
| #define HAVE_SELECT 1
| #define HAVE_SETENV 1
| #define HAVE_SETLOCALE 1
| #define HAVE_SOCKET 1
| #define HAVE_SQRT 1
| #define HAVE_STRCASECMP 1
| #define HAVE_STRCHR 1
| #define HAVE_STRDUP 1
| #define HAVE_STRNCASECMP 1
| #define HAVE_STRNDUP 1
| #define HAVE_STRERROR 1
| #define HAVE_STRRCHR 1
| #define HAVE_STRSTR 1
| #define HAVE_STRTOL 1
| #define HAVE_UNAME 1
| /* end confdefs.h.  */
| 
| namespace conftest {
|   extern "C" int socket ();
| }
| int
| main (void)
| {
| return conftest::socket ();
|   ;
|   return 0;
| }
configure:19755: result: no
configure:19765: checking for sem_init in -lpthread
configure:19787: g++ -o conftest -g -O2 -I /home/eedjsa/savannah-repo-apl/trunk   conftest.cpp -lpthread   >&5
configure:19787: $? = 0
configure:19797: result: yes
configure:19807: checking for yp_all in -lnsl
configure:19829: g++ -o conftest -g -O2 -I /home/eedjsa/savannah-repo-apl/trunk   conftest.cpp -lnsl  -lpthread  >&5
configure:19829: $? = 0
configure:19839: result: yes
configure:19849: checking for acosh in -lm
configure:19871: g++ -o conftest -g -O2 -I /home/eedjsa/savannah-repo-apl/trunk   conftest.cpp -lm  -lnsl -lpthread  >&5
configure:19871: $? = 0
configure:19881: result: yes
configure:19891: checking for dlopen in -ldl
configure:19913: g++ -o conftest -g -O2 -I /home/eedjsa/savannah-repo-apl/trunk   conftest.cpp -ldl  -lm -lnsl -lpthread  >&5
configure:19913: $? = 0
configure:19923: result: yes
configure:19933: checking for initstate_r in -lc
configure:19955: g++ -o conftest -g -O2 -I /home/eedjsa/savannah-repo-apl/trunk   conftest.cpp -lc  -ldl -lm -lnsl -lpthread  >&5
configure:19955: $? = 0
configure:19965: result: yes
configure:19975: checking for __atomic_fetch_add_4 in -latomicity
configure:19997: g++ -o conftest -g -O2 -I /home/eedjsa/savannah-repo-apl/trunk   conftest.cpp -latomicity  -lc -ldl -lm -lnsl -lpthread  >&5
/usr/bin/ld: cannot find -latomicity: No such file or directory
collect2: error: ld returned 1 exit status
configure:19997: $? = 1
configure: failed program was:
| /* confdefs.h */
| #define PACKAGE_NAME "GNU APL"
| #define PACKAGE_TARNAME "apl"
| #define PACKAGE_VERSION "2.0"
| #define PACKAGE_STRING "GNU APL 2.0"
| #define PACKAGE_BUGREPORT "bug-apl@gnu.org"
| #define PACKAGE_URL "https://www.gnu.org/software/apl/"
| #define HAVE_STDIO_H 1
| #define HAVE_STDLIB_H 1
| #define HAVE_STRING_H 1
| #define HAVE_INTTYPES_H 1
| #define HAVE_STDINT_H 1
| #define HAVE_STRINGS_H 1
| #define HAVE_SYS_STAT_H 1
| #define HAVE_SYS_TYPES_H 1
| #define HAVE_UNISTD_H 1
| #define HAVE_WCHAR_H 1
| #define STDC_HEADERS 1
| #define _ALL_SOURCE 1
| #define _DARWIN_C_SOURCE 1
| #define _GNU_SOURCE 1
| #define _HPUX_ALT_XOPEN_SOCKET_API 1
| #define _NETBSD_SOURCE 1
| #define _OPENBSD_SOURCE 1
| #define _POSIX_PTHREAD_SEMANTICS 1
| #define __STDC_WANT_IEC_60559_ATTRIBS_EXT__ 1
| #define __STDC_WANT_IEC_60559_BFP_EXT__ 1
| #define __STDC_WANT_IEC_60559_DFP_EXT__ 1
| #define __STDC_WANT_IEC_60559_FUNCS_EXT__ 1
| #define __STDC_WANT_IEC_60559_TYPES_EXT__ 1
| #define __STDC_WANT_LIB_EXT2__ 1
| #define __STDC_WANT_MATH_SPEC_FUNCS__ 1
| #define _TANDEM_SOURCE 1
| #define __EXTENSIONS__ 1
| #define PACKAGE "apl"
| #define VERSION "2.0"
| #define HAVE_DLFCN_H 1
| #define LT_OBJDIR ".libs/"
| #define HAVE_DIRENT_H 1
| #define HAVE_EXECINFO_H 1
| #define HAVE_EXT_ATOMICITY_H 1
| #define HAVE_FCNTL_H 1
| #define HAVE_FENV_H 1
| #define HAVE_FFTW3_H 1
| #define HAVE_INTTYPES_H 1
| #define HAVE_LIBPNG16_PNG_H 1
| #define HAVE_LIMITS_H 1
| #define HAVE_LOCALE_H 1
| #define HAVE_MALLOC_H 1
| #define HAVE_NETDB_H 1
| #define HAVE_NETINET_IN_H 1
| #define HAVE_NETINET_TCP_H 1
| #define HAVE_STDINT_H 1
| #define HAVE_STDLIB_H 1
| #define HAVE_STRING_H 1
| #define HAVE_STRINGS_H 1
| #define HAVE_SYS_FCNTL_H 1
| #define HAVE_SYS_IOCTL_H 1
| #define HAVE_SYS_MMAN_H 1
| #define HAVE_SYS_RESOURCE_H 1
| #define HAVE_SYS_SELECT_H 1
| #define HAVE_SYS_SOCKET_H 1
| #define HAVE_SYS_STAT_H 1
| #define HAVE_SYS_TIME_H 1
| #define HAVE_SYS_TYPES_H 1
| #define HAVE_SYS_TIME_H 1
| #define HAVE_SYS_UN_H 1
| #define HAVE_SYS_WAIT_H 1
| #define HAVE_TERMIOS_H 1
| #define HAVE_UNISTD_H 1
| #define HAVE_UTMPX_H 1
| #define HAVE_VECTOR 1
| #define HAVE_ZLIB_H 1
| #define HAVE_STDBOOL_H 1
| #define cfg_CONFIGURE_ARGS "./configure "
| #define HAVE_SYS_TIME_H 1
| #define HAVE_SYS_PARAM_H 1
| #define HAVE_FORK 1
| #define HAVE_VFORK 1
| #define HAVE_ALARM 1
| #define HAVE_GETPAGESIZE 1
| #define HAVE_WORKING_VFORK 1
| #define HAVE_WORKING_FORK 1
| #define HAVE_MALLOC 1
| #define HAVE_MMAP 1
| #define HAVE_DUP2 1
| #define HAVE_FLOOR 1
| #define HAVE_GETCWD 1
| #define HAVE_GETHOSTBYNAME 1
| #define HAVE_GETTIMEOFDAY 1
| #define HAVE_MEMSET 1
| #define HAVE_MKDIR 1
| #define HAVE_MODF 1
| #define HAVE_MUNMAP 1
| #define HAVE_POW 1
| #define HAVE_REALPATH 1
| #define HAVE_RINT 1
| #define HAVE_RMDIR 1
| #define HAVE_SELECT 1
| #define HAVE_SETENV 1
| #define HAVE_SETLOCALE 1
| #define HAVE_SOCKET 1
| #define HAVE_SQRT 1
| #define HAVE_STRCASECMP 1
| #define HAVE_STRCHR 1
| #define HAVE_STRDUP 1
| #define HAVE_STRNCASECMP 1
| #define HAVE_STRNDUP 1
| #define HAVE_STRERROR 1
| #define HAVE_STRRCHR 1
| #define HAVE_STRSTR 1
| #define HAVE_STRTOL 1
| #define HAVE_UNAME 1
| #define HAVE_LIBPTHREAD 1
| #define HAVE_LIBNSL 1
| #define HAVE_LIBM 1
| #define HAVE_LIBDL 1
| #define HAVE_LIBC 1
| /* end confdefs.h.  */
| 
| namespace conftest {
|   extern "C" int __atomic_fetch_add_4 ();
| }
| int
| main (void)
| {
| return conftest::__atomic_fetch_add_4 ();
|   ;
|   return 0;
| }
configure:20007: result: no
configure:20018: checking for struct stat.st_blocks
configure:20018: g++ -c -g -O2 -I /home/eedjsa/savannah-repo-apl/trunk  conftest.cpp >&5
configure:20018: $? = 0
configure:20018: result: yes
configure:20059: checking for X
configure:20284: result: libraries , headers 
configure:20293: checking for xcb/xcb.h
configure:20293: g++ -c -g -O2 -I /home/eedjsa/savannah-repo-apl/trunk  conftest.cpp >&5
configure:20293: $? = 0
configure:20293: result: yes
configure:20293: checking for X11/Xlib.h
configure:20293: g++ -c -g -O2 -I /home/eedjsa/savannah-repo-apl/trunk  conftest.cpp >&5
configure:20293: $? = 0
configure:20293: result: yes
configure:20293: checking for X11/Xlib-xcb.h
configure:20293: g++ -c -g -O2 -I /home/eedjsa/savannah-repo-apl/trunk  conftest.cpp >&5
configure:20293: $? = 0
configure:20293: result: yes
configure:20293: checking for X11/Xutil.h
configure:20293: g++ -c -g -O2 -I /home/eedjsa/savannah-repo-apl/trunk  conftest.cpp >&5
configure:20293: $? = 0
configure:20293: result: yes
configure:20293: checking for X11/XKBlib.h
configure:20293: g++ -c -g -O2 -I /home/eedjsa/savannah-repo-apl/trunk  conftest.cpp >&5
configure:20293: $? = 0
configure:20293: result: yes
configure:20307: checking for xcb/xproto.h
configure:20307: g++ -c -g -O2 -I /home/eedjsa/savannah-repo-apl/trunk  conftest.cpp >&5
configure:20307: $? = 0
configure:20307: result: yes
configure:20318: checking for XOpenDisplay in -lX11
configure:20340: g++ -o conftest -g -O2 -I /home/eedjsa/savannah-repo-apl/trunk   conftest.cpp -lX11  -lc -ldl -lm -lnsl -lpthread  >&5
configure:20340: $? = 0
configure:20350: result: yes
configure:20365: checking for xcb_connect in -lxcb
configure:20387: g++ -o conftest -g -O2 -I /home/eedjsa/savannah-repo-apl/trunk   conftest.cpp -lxcb  -lX11 -lc -ldl -lm -lnsl -lpthread  >&5
configure:20387: $? = 0
configure:20397: result: yes
configure:20412: checking for XGetXCBConnection in -lX11-xcb
configure:20434: g++ -o conftest -g -O2 -I /home/eedjsa/savannah-repo-apl/trunk   conftest.cpp -lX11-xcb  -lxcb -lX11 -lc -ldl -lm -lnsl -lpthread  >&5
configure:20434: $? = 0
configure:20444: result: yes
configure:20513: checking for fftw3.h
configure:20513: result: yes
configure:20523: checking for fftw_plan_dft in -lfftw3
configure:20545: g++ -o conftest -g -O2 -I /home/eedjsa/savannah-repo-apl/trunk   conftest.cpp -lfftw3  -lX11-xcb -lxcb -lX11 -lc -ldl -lm -lnsl -lpthread  >&5
configure:20545: $? = 0
configure:20555: result: yes
configure:20585: checking for png.h
configure:20585: g++ -c -g -O2 -I /home/eedjsa/savannah-repo-apl/trunk  conftest.cpp >&5
configure:20585: $? = 0
configure:20585: result: yes
configure:20593: checking for zlib.h
configure:20593: result: yes
configure:20603: checking for uncompress in -lz
configure:20625: g++ -o conftest -g -O2 -I /home/eedjsa/savannah-repo-apl/trunk   conftest.cpp -lz  -lfftw3 -lX11-xcb -lxcb -lX11 -lc -ldl -lm -lnsl -lpthread  >&5
configure:20625: $? = 0
configure:20635: result: yes
configure:20650: checking for png_init_io in -lpng
configure:20672: g++ -o conftest -g -O2 -I /home/eedjsa/savannah-repo-apl/trunk   conftest.cpp -lpng  -lz -lfftw3 -lX11-xcb -lxcb -lX11 -lc -ldl -lm -lnsl -lpthread  >&5
configure:20672: $? = 0
configure:20682: result: yes
configure:20764: checking for SQLite3 library >= 3.0.0
configure:20813: g++ -c -g -O2 -I /home/eedjsa/savannah-repo-apl/trunk  -I/usr/include conftest.cpp >&5
configure:20813: $? = 0
configure:20816: result: yes
configure:21007: checking for pg_config
configure:21030: found /usr/bin/pg_config
configure:21042: result: /usr/bin/pg_config
configure:21058: checking for PostgreSQL libraries
configure:21071: result: yes
configure:21143: checking for PostgreSQL usability
configure:21158: g++ -c -g -O2 -I /home/eedjsa/savannah-repo-apl/trunk  -I/usr/include/postgresql conftest.cpp >&5
configure:21158: $? = 0
configure:21167: result: yes
configure:21281: checking for pcre2_compile_32 in -lpcre2-32
configure:21303: g++ -o conftest -g -O2 -I /home/eedjsa/savannah-repo-apl/trunk   conftest.cpp -lpcre2-32  -lpng -lz -lfftw3 -lX11-xcb -lxcb -lX11 -lc -ldl -lm -lnsl -lpthread  >&5
configure:21303: $? = 0
configure:21313: result: yes
configure:21407: checking for cblas_cgemv in -lgslcblas
configure:21429: g++ -o conftest -g -O2 -I /home/eedjsa/savannah-repo-apl/trunk   conftest.cpp -lgslcblas  -lpcre2-32 -lpng -lz -lfftw3 -lX11-xcb -lxcb -lX11 -lc -ldl -lm -lnsl -lpthread  >&5
configure:21429: $? = 0
configure:21439: result: yes
configure:21451: checking for gsl/gsl_blas.h
configure:21451: g++ -c -g -O2 -I /home/eedjsa/savannah-repo-apl/trunk  conftest.cpp >&5
configure:21451: $? = 0
configure:21451: result: yes
configure:21459: checking for gsl_linalg_QL_decomp in -lgsl
configure:21481: g++ -o conftest -g -O2 -I /home/eedjsa/savannah-repo-apl/trunk   conftest.cpp -lgsl  -lgslcblas -lpcre2-32 -lpng -lz -lfftw3 -lX11-xcb -lxcb -lX11 -lc -ldl -lm -lnsl -lpthread  >&5
configure:21481: $? = 0
configure:21491: result: yes
configure:21503: checking for gsl/gsl_version.h
configure:21503: g++ -c -g -O2 -I /home/eedjsa/savannah-repo-apl/trunk  conftest.cpp >&5
configure:21503: $? = 0
configure:21503: result: yes
configure:21562: checking for pkg-config
configure:21585: found /usr/bin/pkg-config
configure:21598: result: /usr/bin/pkg-config
configure:21616: checking for gtk_init in -lgtk-3
configure:21638: g++ -o conftest -g -O2 -I /home/eedjsa/savannah-repo-apl/trunk   conftest.cpp -lgtk-3  -lgsl -lgslcblas -lpcre2-32 -lpng -lz -lfftw3 -lX11-xcb -lxcb -lX11 -lc -ldl -lm -lnsl -lpthread  >&5
configure:21638: $? = 0
configure:21648: result: yes
configure:21664: checking for gdk_init in -lgdk-3
configure:21686: g++ -o conftest -g -O2 -I /home/eedjsa/savannah-repo-apl/trunk   conftest.cpp -lgdk-3  -lgtk-3 -lgsl -lgslcblas -lpcre2-32 -lpng -lz -lfftw3 -lX11-xcb -lxcb -lX11 -lc -ldl -lm -lnsl -lpthread  >&5
configure:21686: $? = 0
configure:21696: result: yes
configure:21712: checking for cairo_fill in -lcairo
configure:21734: g++ -o conftest -g -O2 -I /home/eedjsa/savannah-repo-apl/trunk   conftest.cpp -lcairo  -lgdk-3 -lgtk-3 -lgsl -lgslcblas -lpcre2-32 -lpng -lz -lfftw3 -lX11-xcb -lxcb -lX11 -lc -ldl -lm -lnsl -lpthread  >&5
configure:21734: $? = 0
configure:21744: result: yes
configure:21762: checking for GTK (≥ version 3)
configure:21766: result: yes
configure:21823: checking whether CPU has rdtsc (read CPU cycle counter) opcode
configure:21838: g++ -c -g -O2 -I /home/eedjsa/savannah-repo-apl/trunk  conftest.cpp >&5
configure:21838: $? = 0
configure:21850: result: yes
configure:21856: checking whether gettimeofday exists
configure:21870: g++ -c -g -O2 -I /home/eedjsa/savannah-repo-apl/trunk  conftest.cpp >&5
configure:21870: $? = 0
configure:21882: result: yes
configure:21892: checking whether sem_init() works
configure:21908: g++ -c -Wall -Werror  conftest.cpp >&5
configure:21908: $? = 0
configure:21929: result: yes
configure:21936: checking whether ioctl(fd, TIOCGWINSZ, ...) is available
configure:21950: g++ -c -g -O2 -I /home/eedjsa/savannah-repo-apl/trunk  conftest.cpp >&5
configure:21950: $? = 0
configure:21961: result: yes
configure:21967: checking whether pthread_setname_np is available
configure:21983: g++ -c -g -O2 -I /home/eedjsa/savannah-repo-apl/trunk  conftest.cpp >&5
configure:21983: $? = 0
configure:21994: result: yes
configure:22000: checking whether pthread_setaffinity_np is available
configure:22021: g++ -c -g -O2 -I /home/eedjsa/savannah-repo-apl/trunk  conftest.cpp >&5
configure:22021: $? = 0
configure:22032: result: yes
configure:22038: checking whether pthread_setname_np is available
configure:22054: g++ -c -g -O2 -I /home/eedjsa/savannah-repo-apl/trunk  conftest.cpp >&5
configure:22054: $? = 0
configure:22065: result: yes
configure:22071: checking whether OSAtomicAdd32Barrier() is available
configure:22086: g++ -c -Wall -Werror  conftest.cpp >&5
conftest.cpp:153:11: fatal error: libkern/OSAtomic.h: No such file or directory
  153 |  #include <libkern/OSAtomic.h>
      |           ^~~~~~~~~~~~~~~~~~~~
compilation terminated.
configure:22086: $? = 1
configure: failed program was:
| /* confdefs.h */
| #define PACKAGE_NAME "GNU APL"
| #define PACKAGE_TARNAME "apl"
| #define PACKAGE_VERSION "2.0"
| #define PACKAGE_STRING "GNU APL 2.0"
| #define PACKAGE_BUGREPORT "bug-apl@gnu.org"
| #define PACKAGE_URL "https://www.gnu.org/software/apl/"
| #define HAVE_STDIO_H 1
| #define HAVE_STDLIB_H 1
| #define HAVE_STRING_H 1
| #define HAVE_INTTYPES_H 1
| #define HAVE_STDINT_H 1
| #define HAVE_STRINGS_H 1
| #define HAVE_SYS_STAT_H 1
| #define HAVE_SYS_TYPES_H 1
| #define HAVE_UNISTD_H 1
| #define HAVE_WCHAR_H 1
| #define STDC_HEADERS 1
| #define _ALL_SOURCE 1
| #define _DARWIN_C_SOURCE 1
| #define _GNU_SOURCE 1
| #define _HPUX_ALT_XOPEN_SOCKET_API 1
| #define _NETBSD_SOURCE 1
| #define _OPENBSD_SOURCE 1
| #define _POSIX_PTHREAD_SEMANTICS 1
| #define __STDC_WANT_IEC_60559_ATTRIBS_EXT__ 1
| #define __STDC_WANT_IEC_60559_BFP_EXT__ 1
| #define __STDC_WANT_IEC_60559_DFP_EXT__ 1
| #define __STDC_WANT_IEC_60559_FUNCS_EXT__ 1
| #define __STDC_WANT_IEC_60559_TYPES_EXT__ 1
| #define __STDC_WANT_LIB_EXT2__ 1
| #define __STDC_WANT_MATH_SPEC_FUNCS__ 1
| #define _TANDEM_SOURCE 1
| #define __EXTENSIONS__ 1
| #define PACKAGE "apl"
| #define VERSION "2.0"
| #define HAVE_DLFCN_H 1
| #define LT_OBJDIR ".libs/"
| #define HAVE_DIRENT_H 1
| #define HAVE_EXECINFO_H 1
| #define HAVE_EXT_ATOMICITY_H 1
| #define HAVE_FCNTL_H 1
| #define HAVE_FENV_H 1
| #define HAVE_FFTW3_H 1
| #define HAVE_INTTYPES_H 1
| #define HAVE_LIBPNG16_PNG_H 1
| #define HAVE_LIMITS_H 1
| #define HAVE_LOCALE_H 1
| #define HAVE_MALLOC_H 1
| #define HAVE_NETDB_H 1
| #define HAVE_NETINET_IN_H 1
| #define HAVE_NETINET_TCP_H 1
| #define HAVE_STDINT_H 1
| #define HAVE_STDLIB_H 1
| #define HAVE_STRING_H 1
| #define HAVE_STRINGS_H 1
| #define HAVE_SYS_FCNTL_H 1
| #define HAVE_SYS_IOCTL_H 1
| #define HAVE_SYS_MMAN_H 1
| #define HAVE_SYS_RESOURCE_H 1
| #define HAVE_SYS_SELECT_H 1
| #define HAVE_SYS_SOCKET_H 1
| #define HAVE_SYS_STAT_H 1
| #define HAVE_SYS_TIME_H 1
| #define HAVE_SYS_TYPES_H 1
| #define HAVE_SYS_TIME_H 1
| #define HAVE_SYS_UN_H 1
| #define HAVE_SYS_WAIT_H 1
| #define HAVE_TERMIOS_H 1
| #define HAVE_UNISTD_H 1
| #define HAVE_UTMPX_H 1
| #define HAVE_VECTOR 1
| #define HAVE_ZLIB_H 1
| #define HAVE_STDBOOL_H 1
| #define cfg_CONFIGURE_ARGS "./configure "
| #define HAVE_SYS_TIME_H 1
| #define HAVE_SYS_PARAM_H 1
| #define HAVE_FORK 1
| #define HAVE_VFORK 1
| #define HAVE_ALARM 1
| #define HAVE_GETPAGESIZE 1
| #define HAVE_WORKING_VFORK 1
| #define HAVE_WORKING_FORK 1
| #define HAVE_MALLOC 1
| #define HAVE_MMAP 1
| #define HAVE_DUP2 1
| #define HAVE_FLOOR 1
| #define HAVE_GETCWD 1
| #define HAVE_GETHOSTBYNAME 1
| #define HAVE_GETTIMEOFDAY 1
| #define HAVE_MEMSET 1
| #define HAVE_MKDIR 1
| #define HAVE_MODF 1
| #define HAVE_MUNMAP 1
| #define HAVE_POW 1
| #define HAVE_REALPATH 1
| #define HAVE_RINT 1
| #define HAVE_RMDIR 1
| #define HAVE_SELECT 1
| #define HAVE_SETENV 1
| #define HAVE_SETLOCALE 1
| #define HAVE_SOCKET 1
| #define HAVE_SQRT 1
| #define HAVE_STRCASECMP 1
| #define HAVE_STRCHR 1
| #define HAVE_STRDUP 1
| #define HAVE_STRNCASECMP 1
| #define HAVE_STRNDUP 1
| #define HAVE_STRERROR 1
| #define HAVE_STRRCHR 1
| #define HAVE_STRSTR 1
| #define HAVE_STRTOL 1
| #define HAVE_UNAME 1
| #define HAVE_LIBPTHREAD 1
| #define HAVE_LIBNSL 1
| #define HAVE_LIBM 1
| #define HAVE_LIBDL 1
| #define HAVE_LIBC 1
| #define HAVE_STRUCT_STAT_ST_BLOCKS 1
| #define HAVE_ST_BLOCKS 1
| #define HAVE_XCB_XCB_H 1
| #define HAVE_X11_XLIB_H 1
| #define HAVE_X11_XLIB_XCB_H 1
| #define HAVE_X11_XUTIL_H 1
| #define HAVE_X11_XKBLIB_H 1
| #define HAVE_LIBX11 1
| #define HAVE_LIBXCB 1
| #define HAVE_LIBX11_XCB 1
| #define apl_X11 1
| #define apl_XCB 1
| #define HAVE_LIBFFTW3 1
| #define HAVE_LIBZ 1
| #define HAVE_LIBPNG 1
| #define HAVE_SQLITE3 1
| #define apl_SQLITE3 1
| #define HAVE_POSTGRESQL 1
| #define apl_POSTGRES 1
| #define HAVE_LIBPCRE2_32 1
| #define HAVE_LIBGSLCBLAS 1
| #define HAVE_LIBGSL 1
| #define HAVE_LIBGTK_3 1
| #define HAVE_LIBGDK_3 1
| #define HAVE_LIBCAIRO 1
| #define apl_GTK3 1
| #define HAVE_RDTSC 1
| #define HAVE_GETTIMEOFDAY 1
| #define HAVE_SEM_INIT 1
| #define HAVE_IOCTL_TIOCGWINSZ 1
| #define HAVE_PTHREAD_SETNAME_NP 1
| #define HAVE_AFFINITY_NP 1
| #define HAVE_PTHREAD_SETNAME_NP 1
| /* end confdefs.h.  */
|  #include <libkern/OSAtomic.h>
| int
| main (void)
| {
|  OSAtomicAdd32Barrier(0, 0);
|   ;
|   return 0;
| }
configure:22098: result: no
configure:22104: checking whether atomic_add_32_nv() is available
configure:22119: g++ -c -g -O2 -I /home/eedjsa/savannah-repo-apl/trunk  conftest.cpp >&5
conftest.cpp:153:11: fatal error: atomic.h: No such file or directory
  153 |  #include <atomic.h>
      |           ^~~~~~~~~~
compilation terminated.
configure:22119: $? = 1
configure: failed program was:
| /* confdefs.h */
| #define PACKAGE_NAME "GNU APL"
| #define PACKAGE_TARNAME "apl"
| #define PACKAGE_VERSION "2.0"
| #define PACKAGE_STRING "GNU APL 2.0"
| #define PACKAGE_BUGREPORT "bug-apl@gnu.org"
| #define PACKAGE_URL "https://www.gnu.org/software/apl/"
| #define HAVE_STDIO_H 1
| #define HAVE_STDLIB_H 1
| #define HAVE_STRING_H 1
| #define HAVE_INTTYPES_H 1
| #define HAVE_STDINT_H 1
| #define HAVE_STRINGS_H 1
| #define HAVE_SYS_STAT_H 1
| #define HAVE_SYS_TYPES_H 1
| #define HAVE_UNISTD_H 1
| #define HAVE_WCHAR_H 1
| #define STDC_HEADERS 1
| #define _ALL_SOURCE 1
| #define _DARWIN_C_SOURCE 1
| #define _GNU_SOURCE 1
| #define _HPUX_ALT_XOPEN_SOCKET_API 1
| #define _NETBSD_SOURCE 1
| #define _OPENBSD_SOURCE 1
| #define _POSIX_PTHREAD_SEMANTICS 1
| #define __STDC_WANT_IEC_60559_ATTRIBS_EXT__ 1
| #define __STDC_WANT_IEC_60559_BFP_EXT__ 1
| #define __STDC_WANT_IEC_60559_DFP_EXT__ 1
| #define __STDC_WANT_IEC_60559_FUNCS_EXT__ 1
| #define __STDC_WANT_IEC_60559_TYPES_EXT__ 1
| #define __STDC_WANT_LIB_EXT2__ 1
| #define __STDC_WANT_MATH_SPEC_FUNCS__ 1
| #define _TANDEM_SOURCE 1
| #define __EXTENSIONS__ 1
| #define PACKAGE "apl"
| #define VERSION "2.0"
| #define HAVE_DLFCN_H 1
| #define LT_OBJDIR ".libs/"
| #define HAVE_DIRENT_H 1
| #define HAVE_EXECINFO_H 1
| #define HAVE_EXT_ATOMICITY_H 1
| #define HAVE_FCNTL_H 1
| #define HAVE_FENV_H 1
| #define HAVE_FFTW3_H 1
| #define HAVE_INTTYPES_H 1
| #define HAVE_LIBPNG16_PNG_H 1
| #define HAVE_LIMITS_H 1
| #define HAVE_LOCALE_H 1
| #define HAVE_MALLOC_H 1
| #define HAVE_NETDB_H 1
| #define HAVE_NETINET_IN_H 1
| #define HAVE_NETINET_TCP_H 1
| #define HAVE_STDINT_H 1
| #define HAVE_STDLIB_H 1
| #define HAVE_STRING_H 1
| #define HAVE_STRINGS_H 1
| #define HAVE_SYS_FCNTL_H 1
| #define HAVE_SYS_IOCTL_H 1
| #define HAVE_SYS_MMAN_H 1
| #define HAVE_SYS_RESOURCE_H 1
| #define HAVE_SYS_SELECT_H 1
| #define HAVE_SYS_SOCKET_H 1
| #define HAVE_SYS_STAT_H 1
| #define HAVE_SYS_TIME_H 1
| #define HAVE_SYS_TYPES_H 1
| #define HAVE_SYS_TIME_H 1
| #define HAVE_SYS_UN_H 1
| #define HAVE_SYS_WAIT_H 1
| #define HAVE_TERMIOS_H 1
| #define HAVE_UNISTD_H 1
| #define HAVE_UTMPX_H 1
| #define HAVE_VECTOR 1
| #define HAVE_ZLIB_H 1
| #define HAVE_STDBOOL_H 1
| #define cfg_CONFIGURE_ARGS "./configure "
| #define HAVE_SYS_TIME_H 1
| #define HAVE_SYS_PARAM_H 1
| #define HAVE_FORK 1
| #define HAVE_VFORK 1
| #define HAVE_ALARM 1
| #define HAVE_GETPAGESIZE 1
| #define HAVE_WORKING_VFORK 1
| #define HAVE_WORKING_FORK 1
| #define HAVE_MALLOC 1
| #define HAVE_MMAP 1
| #define HAVE_DUP2 1
| #define HAVE_FLOOR 1
| #define HAVE_GETCWD 1
| #define HAVE_GETHOSTBYNAME 1
| #define HAVE_GETTIMEOFDAY 1
| #define HAVE_MEMSET 1
| #define HAVE_MKDIR 1
| #define HAVE_MODF 1
| #define HAVE_MUNMAP 1
| #define HAVE_POW 1
| #define HAVE_REALPATH 1
| #define HAVE_RINT 1
| #define HAVE_RMDIR 1
| #define HAVE_SELECT 1
| #define HAVE_SETENV 1
| #define HAVE_SETLOCALE 1
| #define HAVE_SOCKET 1
| #define HAVE_SQRT 1
| #define HAVE_STRCASECMP 1
| #define HAVE_STRCHR 1
| #define HAVE_STRDUP 1
| #define HAVE_STRNCASECMP 1
| #define HAVE_STRNDUP 1
| #define HAVE_STRERROR 1
| #define HAVE_STRRCHR 1
| #define HAVE_STRSTR 1
| #define HAVE_STRTOL 1
| #define HAVE_UNAME 1
| #define HAVE_LIBPTHREAD 1
| #define HAVE_LIBNSL 1
| #define HAVE_LIBM 1
| #define HAVE_LIBDL 1
| #define HAVE_LIBC 1
| #define HAVE_STRUCT_STAT_ST_BLOCKS 1
| #define HAVE_ST_BLOCKS 1
| #define HAVE_XCB_XCB_H 1
| #define HAVE_X11_XLIB_H 1
| #define HAVE_X11_XLIB_XCB_H 1
| #define HAVE_X11_XUTIL_H 1
| #define HAVE_X11_XKBLIB_H 1
| #define HAVE_LIBX11 1
| #define HAVE_LIBXCB 1
| #define HAVE_LIBX11_XCB 1
| #define apl_X11 1
| #define apl_XCB 1
| #define HAVE_LIBFFTW3 1
| #define HAVE_LIBZ 1
| #define HAVE_LIBPNG 1
| #define HAVE_SQLITE3 1
| #define apl_SQLITE3 1
| #define HAVE_POSTGRESQL 1
| #define apl_POSTGRES 1
| #define HAVE_LIBPCRE2_32 1
| #define HAVE_LIBGSLCBLAS 1
| #define HAVE_LIBGSL 1
| #define HAVE_LIBGTK_3 1
| #define HAVE_LIBGDK_3 1
| #define HAVE_LIBCAIRO 1
| #define apl_GTK3 1
| #define HAVE_RDTSC 1
| #define HAVE_GETTIMEOFDAY 1
| #define HAVE_SEM_INIT 1
| #define HAVE_IOCTL_TIOCGWINSZ 1
| #define HAVE_PTHREAD_SETNAME_NP 1
| #define HAVE_AFFINITY_NP 1
| #define HAVE_PTHREAD_SETNAME_NP 1
| /* end confdefs.h.  */
|  #include <atomic.h>
| int
| main (void)
| {
|  atomic_add_32_nv(0, 0);
|                        atomic_add_32   (0, 0);
| 
|   ;
|   return 0;
| }
configure:22130: result: no
configure:22138: checking if ctrl-D shall delete one char (and ctrl-Z be EOF)
configure:22155: result: no
configure:22169: checking whether development mode is desired
configure:22191: result: no
configure:22211: checking whether internal value checks shall be enabled
configure:22220: result: no
configure:22225: checking whether internal performance counters shall be enabled)
configure:22234: result: no
configure:22239: checking whether to remember the history of APL values (debug feature)
configure:22248: result: no
configure:22253: checking whether gprof profiling shall be enabled
configure:22262: result: no
configure:22268: checking whether gcov coverage testing shall be enabled
configure:22277: result: no
configure:22283: checking whether dynamic logging shall be enabled
configure:22292: result: no
configure:22297: checking whether value flags shall be traced
configure:22306: result: no
configure:22311: checking how picky (0=not, 1=somwhat, 2=very) internal tests shall be
configure:22318: result: 1
configure:22323: checking security level (0=none, 1=configured in preferences, 2=all)
configure:22330: result: 0
configure:22335: checking how many CPU cores shall be used by APL (experimental!)
configure:22349: result: 0
configure:22354: checking which type of socket APserver shall use
configure:22365: result: 0
configure:22370: checking which port number APserver shall use for TCP or UDP sockets
configure:22377: result: 16366
configure:22382: checking which *nix port name APserver shall use
configure:22389: result: /tmp/GNU-APL/APserver
configure:22394: checking how long a short APL value shall be at most
configure:22401: result: 12
configure:22405: checking minimum element count for automatic ravel packing
configure:22412: result: 12
configure:22417: checking whether visible markers shall be used
configure:22426: result: no
configure:22431: checking whether support for rational numbers is desired 
configure:22440: result: no
configure:22443: checking when and where this interpreter was built
configure:22482: result: 2026-07-17 13:17:05 CEST
configure:22863: checking that generated files are newer than configure
configure:22869: result: done
configure:22960: creating ./config.status

## ---------------------- ##
## Running config.status. ##
## ---------------------- ##

This file was extended by GNU APL config.status 2.0, which was
generated by GNU Autoconf 2.71.  Invocation command line was

  CONFIG_FILES    = 
  CONFIG_HEADERS  = 
  CONFIG_LINKS    = 
  CONFIG_COMMANDS = 
  $ ./config.status 

on server68

config.status:1423: creating Makefile
config.status:1423: creating build/Makefile
config.status:1423: creating Claude/Makefile
config.status:1423: creating debian/Makefile
config.status:1423: creating debian/source/Makefile
config.status:1423: creating doc/Makefile
config.status:1423: creating doc/DALY/Makefile
config.status:1423: creating erlang/Makefile
config.status:1423: creating erlang/apl.erl
config.status:1423: creating gnu-apl.d/Makefile
config.status:1423: creating gnu-apl.d/preferences
config.status:1423: creating HOWTOs/Makefile
config.status:1423: creating rpm/Makefile
config.status:1423: creating rpm/apl.spec
config.status:1423: creating src/Makefile
config.status:1423: creating src/APs/Makefile
config.status:1423: creating src/Gtk/Makefile
config.status:1423: creating src/emacs_mode/Makefile
config.status:1423: creating src/native/Makefile
config.status:1423: creating src/sql/Makefile
config.status:1423: creating src/testcases/Makefile
config.status:1423: creating src/testcases/invariants/Makefile
config.status:1423: creating src/workspaces/Makefile
config.status:1423: creating support-files/Makefile
config.status:1423: creating support-files/fonts/Makefile
config.status:1423: creating support-files/105-key-International-Keyboard/Makefile
config.status:1423: creating support-files/Bill_Daly_Ubuntu/Makefile
config.status:1423: creating support-files/Dirk/Makefile
config.status:1423: creating support-files/Dyalog-Keyboard/Makefile
config.status:1423: creating support-files/Juergen-Mint-19/Makefile
config.status:1423: creating support-files/Juergen-Mint-21/Makefile
config.status:1423: creating support-files/old-Keyboard/Makefile
config.status:1423: creating support-files/OS-X-Keyboard/Makefile
config.status:1423: creating support-files/Unicomp-Keyboard/Makefile
config.status:1423: creating support-files/WASD-Keyboard/Makefile
config.status:1423: creating support-files/windows-installer/Makefile
config.status:1423: creating tools/Makefile
config.status:1423: creating websock/Makefile
config.status:1423: creating websock/client/Makefile
config.status:1423: creating websock/server/Makefile
config.status:1423: creating workspaces/Makefile
config.status:1423: creating wslib3/Makefile
config.status:1423: creating wslib3/DALY/Makefile
config.status:1423: creating wslib4/Makefile
config.status:1423: creating wslib5/Makefile
config.status:1423: creating wslib5/APLComponentFiles/Makefile
config.status:1423: creating wslib5/DALY/Makefile
config.status:1423: creating wslib5/iso-apl-cf/Makefile
config.status:1423: creating config.h
config.status:1652: executing depfiles commands
config.status:1729: cd erlang       && sed -e '/# am--include-marker/d' Makefile         | make -f - am--depfiles
make: Nothing to be done for 'am--depfiles'.
config.status:1734: $? = 0
config.status:1729: cd src       && sed -e '/# am--include-marker/d' Makefile         | make -f - am--depfiles
config.status:1734: $? = 0
config.status:1729: cd src/APs       && sed -e '/# am--include-marker/d' Makefile         | make -f - am--depfiles
make: Nothing to be done for 'am--depfiles'.
config.status:1734: $? = 0
config.status:1729: cd src/Gtk       && sed -e '/# am--include-marker/d' Makefile         | make -f - am--depfiles
make: Nothing to be done for 'am--depfiles'.
config.status:1734: $? = 0
config.status:1729: cd src/emacs_mode       && sed -e '/# am--include-marker/d' Makefile         | make -f - am--depfiles
make: Nothing to be done for 'am--depfiles'.
config.status:1734: $? = 0
config.status:1729: cd src/native       && sed -e '/# am--include-marker/d' Makefile         | make -f - am--depfiles
make: Nothing to be done for 'am--depfiles'.
config.status:1734: $? = 0
config.status:1729: cd src/sql       && sed -e '/# am--include-marker/d' Makefile         | make -f - am--depfiles
make: Nothing to be done for 'am--depfiles'.
config.status:1734: $? = 0
config.status:1729: cd tools       && sed -e '/# am--include-marker/d' Makefile         | make -f - am--depfiles
config.status:1734: $? = 0
config.status:1652: executing libtool commands
configure:25441: checking if any of the optional libraries shall be used
configure:25452: result: yes

## ---------------- ##
## Cache variables. ##
## ---------------- ##

ac_cv_build=x86_64-pc-linux-gnu
ac_cv_c_compiler_gnu=yes
ac_cv_c_inline=inline
ac_cv_c_int16_t=yes
ac_cv_c_int32_t=yes
ac_cv_c_int64_t=yes
ac_cv_c_uint16_t=yes
ac_cv_c_uint32_t=yes
ac_cv_c_uint64_t=yes
ac_cv_c_uint8_t=yes
ac_cv_cxx_compiler_gnu=yes
ac_cv_env_ALT_MAP_WANTED_set=
ac_cv_env_ALT_MAP_WANTED_value=
ac_cv_env_APSERVER_PATH_set=
ac_cv_env_APSERVER_PATH_value=
ac_cv_env_APSERVER_PORT_set=
ac_cv_env_APSERVER_PORT_value=
ac_cv_env_APSERVER_TRANSPORT_set=
ac_cv_env_APSERVER_TRANSPORT_value=
ac_cv_env_ASSERT_LEVEL_WANTED_set=
ac_cv_env_ASSERT_LEVEL_WANTED_value=
ac_cv_env_CCC_set=
ac_cv_env_CCC_value=
ac_cv_env_CC_set=
ac_cv_env_CC_value=
ac_cv_env_CFLAGS_set=
ac_cv_env_CFLAGS_value=
ac_cv_env_CORE_COUNT_WANTED_set=
ac_cv_env_CORE_COUNT_WANTED_value=
ac_cv_env_CPPFLAGS_set=
ac_cv_env_CPPFLAGS_value=
ac_cv_env_CXXCPP_set=
ac_cv_env_CXXCPP_value=
ac_cv_env_CXXFLAGS_set=
ac_cv_env_CXXFLAGS_value=
ac_cv_env_CXX_WERROR_set=
ac_cv_env_CXX_WERROR_value=
ac_cv_env_CXX_set=
ac_cv_env_CXX_value=
ac_cv_env_DEVELOP_WANTED_set=
ac_cv_env_DEVELOP_WANTED_value=
ac_cv_env_DYNAMIC_LOG_WANTED_set=
ac_cv_env_DYNAMIC_LOG_WANTED_value=
ac_cv_env_GCOV_WANTED_set=
ac_cv_env_GCOV_WANTED_value=
ac_cv_env_GPROF_WANTED_set=
ac_cv_env_GPROF_WANTED_value=
ac_cv_env_LDFLAGS_set=
ac_cv_env_LDFLAGS_value=
ac_cv_env_LIBS_set=
ac_cv_env_LIBS_value=
ac_cv_env_LT_SYS_LIBRARY_PATH_set=
ac_cv_env_LT_SYS_LIBRARY_PATH_value=
ac_cv_env_MAX_RANK_WANTED_set=
ac_cv_env_MAX_RANK_WANTED_value=
ac_cv_env_PACKED_MINIMUM_LENGTH_WANTED_set=
ac_cv_env_PACKED_MINIMUM_LENGTH_WANTED_value=
ac_cv_env_PERFORMANCE_COUNTERS_WANTED_set=
ac_cv_env_PERFORMANCE_COUNTERS_WANTED_value=
ac_cv_env_RATIONAL_NUMBERS_WANTED_set=
ac_cv_env_RATIONAL_NUMBERS_WANTED_value=
ac_cv_env_SECURITY_LEVEL_WANTED_set=
ac_cv_env_SECURITY_LEVEL_WANTED_value=
ac_cv_env_SHORT_VALUE_LENGTH_WANTED_set=
ac_cv_env_SHORT_VALUE_LENGTH_WANTED_value=
ac_cv_env_VALUE_CHECK_WANTED_set=
ac_cv_env_VALUE_CHECK_WANTED_value=
ac_cv_env_VALUE_HISTORY_WANTED_set=
ac_cv_env_VALUE_HISTORY_WANTED_value=
ac_cv_env_VF_TRACING_WANTED_set=
ac_cv_env_VF_TRACING_WANTED_value=
ac_cv_env_VISIBLE_MARKERS_WANTED_set=
ac_cv_env_VISIBLE_MARKERS_WANTED_value=
ac_cv_env_XMKMF_set=
ac_cv_env_XMKMF_value=
ac_cv_env_build_alias_set=
ac_cv_env_build_alias_value=
ac_cv_env_host_alias_set=
ac_cv_env_host_alias_value=
ac_cv_env_target_alias_set=
ac_cv_env_target_alias_value=
ac_cv_func_alarm=yes
ac_cv_func_dlopen=yes
ac_cv_func_dup2=yes
ac_cv_func_floor=yes
ac_cv_func_fork=yes
ac_cv_func_fork_works=yes
ac_cv_func_getcwd=yes
ac_cv_func_gethostbyname=yes
ac_cv_func_getpagesize=yes
ac_cv_func_gettimeofday=yes
ac_cv_func_malloc_0_nonnull=yes
ac_cv_func_memset=yes
ac_cv_func_mkdir=yes
ac_cv_func_mmap_fixed_mapped=yes
ac_cv_func_modf=yes
ac_cv_func_munmap=yes
ac_cv_func_pow=yes
ac_cv_func_realpath=yes
ac_cv_func_rint=yes
ac_cv_func_rmdir=yes
ac_cv_func_select=yes
ac_cv_func_setenv=yes
ac_cv_func_setlocale=yes
ac_cv_func_shl_load=no
ac_cv_func_socket=yes
ac_cv_func_sqrt=yes
ac_cv_func_strcasecmp=yes
ac_cv_func_strchr=yes
ac_cv_func_strdup=yes
ac_cv_func_strerror=yes
ac_cv_func_strncasecmp=yes
ac_cv_func_strndup=yes
ac_cv_func_strrchr=yes
ac_cv_func_strstr=yes
ac_cv_func_strtod=yes
ac_cv_func_strtol=yes
ac_cv_func_uname=yes
ac_cv_func_vfork=yes
ac_cv_func_vfork_works=yes
ac_cv_func_working_mktime=yes
ac_cv_have_x='have_x=yes	ac_x_includes='\'''\''	ac_x_libraries='\'''\'''
ac_cv_header_X11_XKBlib_h=yes
ac_cv_header_X11_Xlib_h=yes
ac_cv_header_X11_Xlib_xcb_h=yes
ac_cv_header_X11_Xutil_h=yes
ac_cv_header_dirent_h=yes
ac_cv_header_dlfcn_h=yes
ac_cv_header_execinfo_h=yes
ac_cv_header_ext_atomicity_h=yes
ac_cv_header_fcntl_h=yes
ac_cv_header_fenv_h=yes
ac_cv_header_fftw3_h=yes
ac_cv_header_gsl_gsl_blas_h=yes
ac_cv_header_gsl_gsl_version_h=yes
ac_cv_header_inttypes_h=yes
ac_cv_header_libpng16_png_h=yes
ac_cv_header_limits_h=yes
ac_cv_header_locale_h=yes
ac_cv_header_malloc_h=yes
ac_cv_header_minix_config_h=no
ac_cv_header_netdb_h=yes
ac_cv_header_netinet_in_h=yes
ac_cv_header_netinet_tcp_h=yes
ac_cv_header_png_h=yes
ac_cv_header_stdbool_h=yes
ac_cv_header_stdint_h=yes
ac_cv_header_stdio_h=yes
ac_cv_header_stdlib_h=yes
ac_cv_header_string_h=yes
ac_cv_header_strings_h=yes
ac_cv_header_sys_fcntl_h=yes
ac_cv_header_sys_ioctl_h=yes
ac_cv_header_sys_mman_h=yes
ac_cv_header_sys_param_h=yes
ac_cv_header_sys_resource_h=yes
ac_cv_header_sys_select_h=yes
ac_cv_header_sys_socket_h=yes
ac_cv_header_sys_stat_h=yes
ac_cv_header_sys_time_h=yes
ac_cv_header_sys_types_h=yes
ac_cv_header_sys_un_h=yes
ac_cv_header_sys_wait_h=yes
ac_cv_header_termios_h=yes
ac_cv_header_unistd_h=yes
ac_cv_header_utmpx_h=yes
ac_cv_header_vector=yes
ac_cv_header_vfork_h=no
ac_cv_header_wchar_h=yes
ac_cv_header_windows_h=no
ac_cv_header_winsock2_h=no
ac_cv_header_xcb_xcb_h=yes
ac_cv_header_xcb_xproto_h=yes
ac_cv_header_zlib_h=yes
ac_cv_host=x86_64-pc-linux-gnu
ac_cv_lib_X11_XOpenDisplay=yes
ac_cv_lib_X11_xcb_XGetXCBConnection=yes
ac_cv_lib_atomicity___atomic_fetch_add_4=no
ac_cv_lib_c_initstate_r=yes
ac_cv_lib_cairo_cairo_fill=yes
ac_cv_lib_dl_dlopen=yes
ac_cv_lib_dld_shl_load=no
ac_cv_lib_error_at_line=yes
ac_cv_lib_fftw3_fftw_plan_dft=yes
ac_cv_lib_gdk_3_gdk_init=yes
ac_cv_lib_gsl_gsl_linalg_QL_decomp=yes
ac_cv_lib_gslcblas_cblas_cgemv=yes
ac_cv_lib_gtk_3_gtk_init=yes
ac_cv_lib_m_acosh=yes
ac_cv_lib_nsl_yp_all=yes
ac_cv_lib_pcre2_32_pcre2_compile_32=yes
ac_cv_lib_png_png_init_io=yes
ac_cv_lib_pthread_sem_init=yes
ac_cv_lib_socket_socket=no
ac_cv_lib_xcb_xcb_connect=yes
ac_cv_lib_z_uncompress=yes
ac_cv_member_stat_st_blksize_stat_st_rdev=no
ac_cv_member_struct_stat_st_blocks=yes
ac_cv_objext=o
ac_cv_path_EGREP='/usr/bin/grep -E'
ac_cv_path_FGREP='/usr/bin/grep -F'
ac_cv_path_GREP=/usr/bin/grep
ac_cv_path_PG_CONFIG=/usr/bin/pg_config
ac_cv_path_PKG_CONFIG=/usr/bin/pkg-config
ac_cv_path_SED=/usr/bin/sed
ac_cv_path_install='/usr/bin/install -c'
ac_cv_path_lt_DD=/usr/bin/dd
ac_cv_path_mkdir=/usr/bin/mkdir
ac_cv_prog_AWK=gawk
ac_cv_prog_CXXCPP='g++ -E'
ac_cv_prog_ac_ct_AR=ar
ac_cv_prog_ac_ct_CC=gcc
ac_cv_prog_ac_ct_CXX=g++
ac_cv_prog_ac_ct_MANIFEST_TOOL=mt
ac_cv_prog_ac_ct_OBJDUMP=objdump
ac_cv_prog_ac_ct_RANLIB=ranlib
ac_cv_prog_ac_ct_STRIP=strip
ac_cv_prog_cc_c11=
ac_cv_prog_cc_g=yes
ac_cv_prog_cc_stdc=
ac_cv_prog_cxx_11=no
ac_cv_prog_cxx_cxx11=
ac_cv_prog_cxx_g=yes
ac_cv_prog_cxx_stdcxx=
ac_cv_prog_make_make_set=yes
ac_cv_safe_to_define___extensions__=yes
ac_cv_should_define__xopen_source=no
ac_cv_type__Bool=no
ac_cv_type_off_t=yes
ac_cv_type_pid_t=yes
ac_cv_type_size_t=yes
ac_cv_type_ssize_t=yes
am_cv_CC_dependencies_compiler_type=gcc3
am_cv_CXX_dependencies_compiler_type=gcc3
am_cv_make_support_nested_variables=yes
am_cv_prog_cc_c_o=yes
lt_cv_ar_at_file=@
lt_cv_archive_cmds_need_lc=no
lt_cv_deplibs_check_method=pass_all
lt_cv_dlopen=dlopen
lt_cv_dlopen_libs=
lt_cv_dlopen_self=yes
lt_cv_dlopen_self_static=no
lt_cv_file_magic_cmd='$MAGIC_CMD'
lt_cv_file_magic_test_file=
lt_cv_ld_reload_flag=-r
lt_cv_nm_interface='BSD nm'
lt_cv_objdir=.libs
lt_cv_path_LD=/usr/bin/ld
lt_cv_path_LDCXX='/usr/bin/ld -m elf_x86_64'
lt_cv_path_NM='/usr/bin/nm -B'
lt_cv_path_mainfest_tool=no
lt_cv_prog_compiler_c_o=yes
lt_cv_prog_compiler_c_o_CXX=yes
lt_cv_prog_compiler_pic='-fPIC -DPIC'
lt_cv_prog_compiler_pic_CXX='-fPIC -DPIC'
lt_cv_prog_compiler_pic_works=yes
lt_cv_prog_compiler_pic_works_CXX=yes
lt_cv_prog_compiler_rtti_exceptions=no
lt_cv_prog_compiler_static_works=yes
lt_cv_prog_compiler_static_works_CXX=yes
lt_cv_prog_gnu_ld=yes
lt_cv_prog_gnu_ldcxx=yes
lt_cv_sharedlib_from_linklib_cmd='printf %s\n'
lt_cv_shlibpath_overrides_runpath=yes
lt_cv_sys_global_symbol_pipe='sed -n -e '\''s/^.*[	 ]\([ABCDGIRSTW][ABCDGIRSTW]*\)[	 ][	 ]*\([_A-Za-z][_A-Za-z0-9]*\)$/\1 \2 \2/p'\'' | sed '\''/ __gnu_lto/d'\'''
lt_cv_sys_global_symbol_to_c_name_address='sed -n -e '\''s/^: \(.*\) .*$/  {"\1", (void *) 0},/p'\'' -e '\''s/^[ABCDGIRSTW][ABCDGIRSTW]* .* \(.*\)$/  {"\1", (void *) \&\1},/p'\'''
lt_cv_sys_global_symbol_to_c_name_address_lib_prefix='sed -n -e '\''s/^: \(.*\) .*$/  {"\1", (void *) 0},/p'\'' -e '\''s/^[ABCDGIRSTW][ABCDGIRSTW]* .* \(lib.*\)$/  {"\1", (void *) \&\1},/p'\'' -e '\''s/^[ABCDGIRSTW][ABCDGIRSTW]* .* \(.*\)$/  {"lib\1", (void *) \&\1},/p'\'''
lt_cv_sys_global_symbol_to_cdecl='sed -n -e '\''s/^T .* \(.*\)$/extern int \1();/p'\'' -e '\''s/^[ABCDGIRSTW][ABCDGIRSTW]* .* \(.*\)$/extern char \1;/p'\'''
lt_cv_sys_global_symbol_to_import=
lt_cv_sys_max_cmd_len=1572864
lt_cv_to_host_file_cmd=func_convert_file_noop
lt_cv_to_tool_file_cmd=func_convert_file_noop
lt_cv_truncate_bin='/usr/bin/dd bs=4096 count=1'

## ----------------- ##
## Output variables. ##
## ----------------- ##

ACLOCAL='${SHELL} '\''/home/eedjsa/savannah-repo-apl/trunk/missing'\'' aclocal-1.16'
ALT_MAP_WANTED='0'
AMDEPBACKSLASH='\'
AMDEP_FALSE='#'
AMDEP_TRUE=''
AMTAR='$${TAR-tar}'
AM_BACKSLASH='\'
AM_DEFAULT_V='$(AM_DEFAULT_VERBOSITY)'
AM_DEFAULT_VERBOSITY='1'
AM_V='$(V)'
APSERVER_PATH='/tmp/GNU-APL/APserver'
APSERVER_PORT='16366'
APSERVER_TRANSPORT='0'
AR='ar'
ASSERT_LEVEL_WANTED='1'
AUTOCONF='${SHELL} '\''/home/eedjsa/savannah-repo-apl/trunk/missing'\'' autoconf'
AUTOHEADER='${SHELL} '\''/home/eedjsa/savannah-repo-apl/trunk/missing'\'' autoheader'
AUTOMAKE='${SHELL} '\''/home/eedjsa/savannah-repo-apl/trunk/missing'\'' automake-1.16'
AWK='gawk'
CC='gcc'
CCDEPMODE='depmode=gcc3'
CFLAGS='-g -O2'
CORE_COUNT_WANTED='0'
CPPFLAGS=''
CSCOPE='cscope'
CTAGS='ctags'
CXX='g++'
CXXCPP='g++ -E'
CXXDEPMODE='depmode=gcc3'
CXXFLAGS='-g -O2 -I /home/eedjsa/savannah-repo-apl/trunk'
CXX_WERROR=''
CYGPATH_W='echo'
DEFS='-DHAVE_CONFIG_H'
DEPDIR='.deps'
DEVELOP_WANTED='no'
DLLTOOL='false'
DSYMUTIL=''
DUMPBIN=''
DYNAMIC_LOG_WANTED='no'
ECHO_C=''
ECHO_N='-n'
ECHO_T=''
EGREP='/usr/bin/grep -E'
ETAGS='etags'
EXEEXT=''
FGREP='/usr/bin/grep -F'
GCOV_WANTED=''
GPROF_WANTED=''
GREP='/usr/bin/grep'
GTK_CFLAGS='-pthread -I/usr/include/gtk-3.0 -I/usr/include/at-spi2-atk/2.0 -I/usr/include/at-spi-2.0 -I/usr/include/dbus-1.0 -I/usr/lib/x86_64-linux-gnu/dbus-1.0/include -I/usr/include/gtk-3.0 -I/usr/include/gio-unix-2.0 -I/usr/include/cairo -I/usr/include/pango-1.0 -I/usr/include/harfbuzz -I/usr/include/pango-1.0 -I/usr/include/fribidi -I/usr/include/harfbuzz -I/usr/include/atk-1.0 -I/usr/include/cairo -I/usr/include/pixman-1 -I/usr/include/uuid -I/usr/include/freetype2 -I/usr/include/gdk-pixbuf-2.0 -I/usr/include/libpng16 -I/usr/include/x86_64-linux-gnu -I/usr/include/libmount -I/usr/include/blkid -I/usr/include/glib-2.0 -I/usr/lib/x86_64-linux-gnu/glib-2.0/include'
GTK_LDFLAGS='-lgtk-3 -lgdk-3 -lpangocairo-1.0 -lpango-1.0 -lharfbuzz -latk-1.0 -lcairo-gobject -lcairo -lgdk_pixbuf-2.0 -lgio-2.0 -lgobject-2.0 -lglib-2.0'
HAVE_SEM_INIT_FALSE='#'
HAVE_SEM_INIT_TRUE=''
INSTALL_DATA='${INSTALL} -m 644'
INSTALL_PROGRAM='${INSTALL}'
INSTALL_SCRIPT='${INSTALL}'
INSTALL_STRIP_PROGRAM='$(install_sh) -c -s'
LD='/usr/bin/ld -m elf_x86_64'
LDFLAGS=''
LIBOBJS=''
LIBS='-lcairo -lgdk-3 -lgtk-3 -lgsl -lgslcblas -lpcre2-32 -lpng -lz -lfftw3 -lX11-xcb -lxcb -lX11 -lc -ldl -lm -lnsl -lpthread '
LIBTOOL='$(SHELL) $(top_builddir)/libtool'
LIPO=''
LN_S='ln -s'
LTLIBOBJS=''
LT_SYS_LIBRARY_PATH=''
MAINT='#'
MAINTAINER_MODE_FALSE=''
MAINTAINER_MODE_TRUE='#'
MAKEINFO='${SHELL} '\''/home/eedjsa/savannah-repo-apl/trunk/missing'\'' makeinfo'
MANIFEST_TOOL=':'
MAX_RANK_WANTED='8'
MKDIR_P='/usr/bin/mkdir -p'
NM='/usr/bin/nm -B'
NMEDIT=''
OBJDUMP='objdump'
OBJEXT='o'
OTOOL64=''
OTOOL=''
PACKAGE='apl'
PACKAGE_BUGREPORT='bug-apl@gnu.org'
PACKAGE_NAME='GNU APL'
PACKAGE_STRING='GNU APL 2.0'
PACKAGE_TARNAME='apl'
PACKAGE_URL='https://www.gnu.org/software/apl/'
PACKAGE_VERSION='2.0'
PACKED_MINIMUM_LENGTH_WANTED='12'
PATH_SEPARATOR=':'
PCRE_CFLAGS=''
PCRE_LIBS='-lpcre2-32'
PERFORMANCE_COUNTERS_WANTED='no'
PG_CONFIG='/usr/bin/pg_config'
PKG_CONFIG='/usr/bin/pkg-config'
POSTGRESQL_CFLAGS='-I/usr/include/postgresql'
POSTGRESQL_LDFLAGS='-L/usr/lib/x86_64-linux-gnu -lpq'
POSTGRESQL_VERSION='14.22 (Ubuntu 14.22-0ubuntu0.22.04.1)'
POW_LIB=''
PYTHON_CFLAGS=''
RANLIB='ranlib'
RATIONAL_NUMBERS_WANTED='no'
SECURITY_LEVEL_WANTED='0'
SED='/usr/bin/sed'
SET_MAKE=''
SHELL='/bin/bash'
SHORT_VALUE_LENGTH_WANTED='12'
SQLITE3_CFLAGS='-I/usr/include'
SQLITE3_LDFLAGS='-L/usr/lib -lsqlite3'
SQLITE3_VERSION='3.37.2'
STRIP='strip'
VALUE_CHECK_WANTED='no'
VALUE_HISTORY_WANTED='no'
VERSION='2.0'
VF_TRACING_WANTED='no'
VISIBLE_MARKERS_WANTED='no'
XMKMF=''
ac_ct_AR='ar'
ac_ct_CC='gcc'
ac_ct_CXX='g++'
ac_ct_DUMPBIN=''
am__EXEEXT_FALSE=''
am__EXEEXT_TRUE='#'
am__fastdepCC_FALSE='#'
am__fastdepCC_TRUE=''
am__fastdepCXX_FALSE='#'
am__fastdepCXX_TRUE=''
am__include='include'
am__isrc=''
am__leading_dot='.'
am__nodep='_no'
am__quote=''
am__tar='$${TAR-tar} chof - "$$tardir"'
am__untar='$${TAR-tar} xf -'
apl_BUILD_DATE='2026-07-17 13:17:05 CEST'
apl_BUILD_OS='Linux 5.15.0-177-generic x86_64'
apl_DEVELOP_FALSE=''
apl_DEVELOP_TRUE='#'
apl_GSL_FALSE='#'
apl_GSL_TRUE=''
apl_GTK3_FALSE='#'
apl_GTK3_TRUE=''
apl_PCRE_FALSE='#'
apl_PCRE_TRUE=''
apl_POSTGRES_FALSE='#'
apl_POSTGRES_TRUE=''
apl_SQLITE3_FALSE='#'
apl_SQLITE3_TRUE=''
apl_TARGET_ANDROID_FALSE=''
apl_TARGET_ANDROID_TRUE='#'
apl_TARGET_ERLANG_FALSE=''
apl_TARGET_ERLANG_TRUE='#'
apl_TARGET_LIBAPL_FALSE=''
apl_TARGET_LIBAPL_TRUE='#'
apl_TARGET_MINGW_FALSE=''
apl_TARGET_MINGW_TRUE='#'
apl_TARGET_PYTHON_FALSE=''
apl_TARGET_PYTHON_TRUE='#'
apl_X11_FALSE='#'
apl_X11_TRUE=''
apl_XCB_FALSE='#'
apl_XCB_TRUE=''
bindir='${exec_prefix}/bin'
build='x86_64-pc-linux-gnu'
build_alias=''
build_cpu='x86_64'
build_os='linux-gnu'
build_vendor='pc'
datadir='${datarootdir}'
datarootdir='${prefix}/share'
docdir='${datarootdir}/doc/${PACKAGE_TARNAME}'
dvidir='${docdir}'
exec_prefix='${prefix}'
host='x86_64-pc-linux-gnu'
host_alias=''
host_cpu='x86_64'
host_os='linux-gnu'
host_vendor='pc'
htmldir='${docdir}'
includedir='${prefix}/include'
infodir='${datarootdir}/info'
install_sh='${SHELL} /home/eedjsa/savannah-repo-apl/trunk/install-sh'
libdir='${exec_prefix}/lib'
libexecdir='${exec_prefix}/libexec'
localedir='${datarootdir}/locale'
localstatedir='${prefix}/var'
mandir='${datarootdir}/man'
mkdir_p='$(MKDIR_P)'
oldincludedir='/usr/include'
pdfdir='${docdir}'
prefix='/usr/local'
program_transform_name='s,x,x,'
psdir='${docdir}'
runstatedir='${localstatedir}/run'
sbindir='${exec_prefix}/sbin'
sharedstatedir='${prefix}/com'
sysconfdir='${prefix}/etc'
target_alias=''

## ----------- ##
## confdefs.h. ##
## ----------- ##

/* confdefs.h */
#define PACKAGE_NAME "GNU APL"
#define PACKAGE_TARNAME "apl"
#define PACKAGE_VERSION "2.0"
#define PACKAGE_STRING "GNU APL 2.0"
#define PACKAGE_BUGREPORT "bug-apl@gnu.org"
#define PACKAGE_URL "https://www.gnu.org/software/apl/"
#define HAVE_STDIO_H 1
#define HAVE_STDLIB_H 1
#define HAVE_STRING_H 1
#define HAVE_INTTYPES_H 1
#define HAVE_STDINT_H 1
#define HAVE_STRINGS_H 1
#define HAVE_SYS_STAT_H 1
#define HAVE_SYS_TYPES_H 1
#define HAVE_UNISTD_H 1
#define HAVE_WCHAR_H 1
#define STDC_HEADERS 1
#define _ALL_SOURCE 1
#define _DARWIN_C_SOURCE 1
#define _GNU_SOURCE 1
#define _HPUX_ALT_XOPEN_SOCKET_API 1
#define _NETBSD_SOURCE 1
#define _OPENBSD_SOURCE 1
#define _POSIX_PTHREAD_SEMANTICS 1
#define __STDC_WANT_IEC_60559_ATTRIBS_EXT__ 1
#define __STDC_WANT_IEC_60559_BFP_EXT__ 1
#define __STDC_WANT_IEC_60559_DFP_EXT__ 1
#define __STDC_WANT_IEC_60559_FUNCS_EXT__ 1
#define __STDC_WANT_IEC_60559_TYPES_EXT__ 1
#define __STDC_WANT_LIB_EXT2__ 1
#define __STDC_WANT_MATH_SPEC_FUNCS__ 1
#define _TANDEM_SOURCE 1
#define __EXTENSIONS__ 1
#define PACKAGE "apl"
#define VERSION "2.0"
#define HAVE_DLFCN_H 1
#define LT_OBJDIR ".libs/"
#define HAVE_DIRENT_H 1
#define HAVE_EXECINFO_H 1
#define HAVE_EXT_ATOMICITY_H 1
#define HAVE_FCNTL_H 1
#define HAVE_FENV_H 1
#define HAVE_FFTW3_H 1
#define HAVE_INTTYPES_H 1
#define HAVE_LIBPNG16_PNG_H 1
#define HAVE_LIMITS_H 1
#define HAVE_LOCALE_H 1
#define HAVE_MALLOC_H 1
#define HAVE_NETDB_H 1
#define HAVE_NETINET_IN_H 1
#define HAVE_NETINET_TCP_H 1
#define HAVE_STDINT_H 1
#define HAVE_STDLIB_H 1
#define HAVE_STRING_H 1
#define HAVE_STRINGS_H 1
#define HAVE_SYS_FCNTL_H 1
#define HAVE_SYS_IOCTL_H 1
#define HAVE_SYS_MMAN_H 1
#define HAVE_SYS_RESOURCE_H 1
#define HAVE_SYS_SELECT_H 1
#define HAVE_SYS_SOCKET_H 1
#define HAVE_SYS_STAT_H 1
#define HAVE_SYS_TIME_H 1
#define HAVE_SYS_TYPES_H 1
#define HAVE_SYS_TIME_H 1
#define HAVE_SYS_UN_H 1
#define HAVE_SYS_WAIT_H 1
#define HAVE_TERMIOS_H 1
#define HAVE_UNISTD_H 1
#define HAVE_UTMPX_H 1
#define HAVE_VECTOR 1
#define HAVE_ZLIB_H 1
#define HAVE_STDBOOL_H 1
#define cfg_CONFIGURE_ARGS "./configure "
#define HAVE_SYS_TIME_H 1
#define HAVE_SYS_PARAM_H 1
#define HAVE_FORK 1
#define HAVE_VFORK 1
#define HAVE_ALARM 1
#define HAVE_GETPAGESIZE 1
#define HAVE_WORKING_VFORK 1
#define HAVE_WORKING_FORK 1
#define HAVE_MALLOC 1
#define HAVE_MMAP 1
#define HAVE_DUP2 1
#define HAVE_FLOOR 1
#define HAVE_GETCWD 1
#define HAVE_GETHOSTBYNAME 1
#define HAVE_GETTIMEOFDAY 1
#define HAVE_MEMSET 1
#define HAVE_MKDIR 1
#define HAVE_MODF 1
#define HAVE_MUNMAP 1
#define HAVE_POW 1
#define HAVE_REALPATH 1
#define HAVE_RINT 1
#define HAVE_RMDIR 1
#define HAVE_SELECT 1
#define HAVE_SETENV 1
#define HAVE_SETLOCALE 1
#define HAVE_SOCKET 1
#define HAVE_SQRT 1
#define HAVE_STRCASECMP 1
#define HAVE_STRCHR 1
#define HAVE_STRDUP 1
#define HAVE_STRNCASECMP 1
#define HAVE_STRNDUP 1
#define HAVE_STRERROR 1
#define HAVE_STRRCHR 1
#define HAVE_STRSTR 1
#define HAVE_STRTOL 1
#define HAVE_UNAME 1
#define HAVE_LIBPTHREAD 1
#define HAVE_LIBNSL 1
#define HAVE_LIBM 1
#define HAVE_LIBDL 1
#define HAVE_LIBC 1
#define HAVE_STRUCT_STAT_ST_BLOCKS 1
#define HAVE_ST_BLOCKS 1
#define HAVE_XCB_XCB_H 1
#define HAVE_X11_XLIB_H 1
#define HAVE_X11_XLIB_XCB_H 1
#define HAVE_X11_XUTIL_H 1
#define HAVE_X11_XKBLIB_H 1
#define HAVE_LIBX11 1
#define HAVE_LIBXCB 1
#define HAVE_LIBX11_XCB 1
#define apl_X11 1
#define apl_XCB 1
#define HAVE_LIBFFTW3 1
#define HAVE_LIBZ 1
#define HAVE_LIBPNG 1
#define HAVE_SQLITE3 1
#define apl_SQLITE3 1
#define HAVE_POSTGRESQL 1
#define apl_POSTGRES 1
#define HAVE_LIBPCRE2_32 1
#define HAVE_LIBGSLCBLAS 1
#define HAVE_LIBGSL 1
#define HAVE_LIBGTK_3 1
#define HAVE_LIBGDK_3 1
#define HAVE_LIBCAIRO 1
#define apl_GTK3 1
#define HAVE_RDTSC 1
#define HAVE_GETTIMEOFDAY 1
#define HAVE_SEM_INIT 1
#define HAVE_IOCTL_TIOCGWINSZ 1
#define HAVE_PTHREAD_SETNAME_NP 1
#define HAVE_AFFINITY_NP 1
#define HAVE_PTHREAD_SETNAME_NP 1
#define cfg_MAX_RANK_WANTED 8
#define cfg_ALT_MAP_WANTED 0
#define cfg_ASSERT_LEVEL_WANTED 1
#define cfg_SECURITY_LEVEL_WANTED 0
#define cfg_CORE_COUNT_WANTED 0
#define cfg_APSERVER_TRANSPORT 0
#define cfg_APSERVER_PORT 16366
#define cfg_APSERVER_PATH "/tmp/GNU-APL/APserver"
#define cfg_SHORT_VALUE_LENGTH_WANTED 12
#define cfg_PACKED_MINIMUM_LENGTH_WANTED 12
#define BUILDTAG PACKAGE_NAME, PACKAGE_VERSION " / SVN: 2041M", "2026-07-17 13:17:05 CEST", "Linux 5.15.0-177-generic x86_64", "default ./configure options"
#define ARCHIVE_SVN " 2029"
#define apl_DIR__bin "/usr/local/bin"
#define apl_DIR__datarootdir "/usr/local/share"
#define apl_DIR__doc "/usr/local/share/doc/apl"
#define apl_DIR__exec_prefix "/usr/local"
#define apl_DIR__lib "/usr/local/lib"
#define apl_DIR__locale "/usr/local/share/locale"
#define apl_DIR__prefix "/usr/local"
#define apl_DIR__sysconf "/usr/local/etc"
#define apl_DIR__pkglib "/usr/local/lib/apl"
#define apl_DIR__pkgdata "/usr/local/share/apl"
#define apl_DIR__src "/home/eedjsa/savannah-repo-apl/trunk/src"
#define apl_FFT 1
#define apl_GUI 1
#define apl_GSL 1
#define apl_PCRE 1
#define apl_PNG 1

configure: exit 0
